set,instance,source,p_success,mean_moves_to_opt,start_is_opt
"R, n=12",0,xy,0.8033333333333333,22.523333333333333,0.3466666666666667
"R, n=12",0,penalty,0.5666666666666667,41.13,0.02666666666666667
"R, n=12",0,random,0.6866666666666666,35.623333333333335,0.043333333333333335
"R, n=12",0,greedy,1.0,0.0,1.0
"R, n=12",1,xy,0.8133333333333334,29.296666666666667,0.0
"R, n=12",1,penalty,0.7966666666666666,33.23,0.03
"R, n=12",1,random,0.8133333333333334,32.63,0.013333333333333334
"R, n=12",1,greedy,1.0,0.0,1.0
"R, n=12",2,xy,1.0,4.83,0.59
"R, n=12",2,penalty,0.9833333333333333,14.593333333333334,0.12666666666666668
"R, n=12",2,random,0.9933333333333333,12.243333333333334,0.2733333333333333
"R, n=12",2,greedy,1.0,0.0,1.0
"R, n=12",3,xy,0.8833333333333333,19.85333333333333,0.31
"R, n=12",3,penalty,0.83,31.543333333333333,0.03
"R, n=12",3,random,0.8366666666666667,29.736666666666668,0.04666666666666667
"R, n=12",3,greedy,1.0,0.0,1.0
"R, n=12",4,xy,0.9866666666666667,13.413333333333334,0.28
"R, n=12",4,penalty,0.9733333333333334,21.24,0.043333333333333335
"R, n=12",4,random,0.97,17.303333333333335,0.10666666666666667
"R, n=12",4,greedy,1.0,0.0,1.0
"R, n=12",5,xy,0.9233333333333333,17.14666666666667,0.3333333333333333
"R, n=12",5,penalty,0.86,28.303333333333335,0.02
"R, n=12",5,random,0.88,27.093333333333334,0.03666666666666667
"R, n=12",5,greedy,1.0,0.0,1.0
"R, n=12",6,xy,0.9833333333333333,4.93,0.71
"R, n=12",6,penalty,0.96,21.34,0.06666666666666667
"R, n=12",6,random,0.95,19.99,0.06666666666666667
"R, n=12",6,greedy,1.0,0.0,1.0
"R, n=12",7,xy,1.0,0.6133333333333333,0.9466666666666667
"R, n=12",7,penalty,0.9933333333333333,8.666666666666666,0.2866666666666667
"R, n=12",7,random,0.9966666666666667,7.503333333333333,0.37
"R, n=12",7,greedy,1.0,0.0,1.0
"R, n=12",8,xy,0.8933333333333333,23.063333333333333,0.12333333333333334
"R, n=12",8,penalty,0.8533333333333334,30.1,0.02
"R, n=12",8,random,0.86,29.773333333333333,0.03333333333333333
"R, n=12",8,greedy,1.0,0.0,1.0
"R, n=12",9,xy,0.94,17.206666666666667,0.26666666666666666
"R, n=12",9,penalty,0.9266666666666666,24.563333333333333,0.02666666666666667
"R, n=12",9,random,0.9333333333333333,20.463333333333335,0.11
"R, n=12",9,greedy,1.0,0.0,1.0
"R, n=12",10,xy,0.93,12.34,0.63
"R, n=12",10,penalty,0.7366666666666667,37.88666666666666,0.023333333333333334
"R, n=12",10,random,0.7233333333333334,36.913333333333334,0.02
"R, n=12",10,greedy,1.0,0.0,1.0
"R, n=12",11,xy,0.9733333333333334,16.043333333333333,0.14666666666666667
"R, n=12",11,penalty,0.97,18.106666666666666,0.056666666666666664
"R, n=12",11,random,0.9733333333333334,15.833333333333334,0.12666666666666668
"R, n=12",11,greedy,1.0,0.0,1.0
"R, n=12",12,xy,0.7833333333333333,27.833333333333332,0.2
"R, n=12",12,penalty,0.7366666666666667,37.05,0.02
"R, n=12",12,random,0.7033333333333334,39.73,0.02
"R, n=12",12,greedy,1.0,0.0,1.0
"R, n=12",13,xy,0.8466666666666667,23.266666666666666,0.24
"R, n=12",13,penalty,0.7933333333333333,34.68,0.016666666666666666
"R, n=12",13,random,0.8133333333333334,32.57333333333333,0.043333333333333335
"R, n=12",13,greedy,1.0,0.0,1.0
"R, n=12",14,xy,0.8566666666666667,25.136666666666667,0.24666666666666667
"R, n=12",14,penalty,0.7166666666666667,37.07,0.02
"R, n=12",14,random,0.75,37.7,0.023333333333333334
"R, n=12",14,greedy,1.0,0.0,1.0
"R, n=12",15,xy,0.8333333333333334,27.066666666666666,0.17666666666666667
"R, n=12",15,penalty,0.7833333333333333,34.21666666666667,0.03333333333333333
"R, n=12",15,random,0.8166666666666667,31.106666666666666,0.03333333333333333
"R, n=12",15,greedy,1.0,0.0,1.0
"R, n=12",16,xy,0.9,19.57,0.3233333333333333
"R, n=12",16,penalty,0.84,30.63,0.04
"R, n=12",16,random,0.8333333333333334,30.416666666666668,0.07
"R, n=12",16,greedy,1.0,0.0,1.0
"R, n=12",17,xy,1.0,2.2933333333333334,0.8566666666666667
"R, n=12",17,penalty,0.99,15.173333333333334,0.11666666666666667
"R, n=12",17,random,0.9933333333333333,14.086666666666666,0.20333333333333334
"R, n=12",17,greedy,1.0,0.0,1.0
"R, n=12",18,xy,0.8033333333333333,21.86,0.39666666666666667
"R, n=12",18,penalty,0.65,40.57666666666667,0.013333333333333334
"R, n=12",18,random,0.6733333333333333,38.553333333333335,0.023333333333333334
"R, n=12",18,greedy,1.0,0.0,1.0
"R, n=12",19,xy,0.9933333333333333,5.02,0.5566666666666666
"R, n=12",19,penalty,0.9733333333333334,21.446666666666665,0.03666666666666667
"R, n=12",19,random,0.9733333333333334,17.733333333333334,0.08333333333333333
"R, n=12",19,greedy,1.0,0.0,1.0
"R, n=14",0,xy,0.9766666666666667,13.01,0.36666666666666664
"R, n=14",0,penalty,0.9533333333333334,21.186666666666667,0.043333333333333335
"R, n=14",0,random,0.9666666666666667,20.15,0.07
"R, n=14",0,greedy,1.0,0.0,1.0
"R, n=14",1,xy,0.74,29.073333333333334,0.18666666666666668
"R, n=14",1,penalty,0.6366666666666667,40.03666666666667,0.023333333333333334
"R, n=14",1,random,0.6133333333333333,40.94,0.016666666666666666
"R, n=14",1,greedy,1.0,0.0,1.0
"R, n=14",2,xy,0.7133333333333334,34.42666666666667,0.06
"R, n=14",2,penalty,0.6633333333333333,41.94,0.006666666666666667
"R, n=14",2,random,0.59,43.04333333333334,0.0033333333333333335
"R, n=14",2,greedy,1.0,0.0,1.0
"R, n=14",3,xy,0.7966666666666666,28.266666666666666,0.14666666666666667
"R, n=14",3,penalty,0.8033333333333333,30.663333333333334,0.06
"R, n=14",3,random,0.78,31.216666666666665,0.07
"R, n=14",3,greedy,0.7466666666666667,34.37,0.0
"R, n=14",4,xy,0.44333333333333336,40.056666666666665,0.21
"R, n=14",4,penalty,0.2633333333333333,53.66,0.006666666666666667
"R, n=14",4,random,0.22666666666666666,55.03666666666667,0.0033333333333333335
"R, n=14",4,greedy,0.22333333333333333,54.586666666666666,0.0
"R, n=14",5,xy,0.9766666666666667,8.82,0.6233333333333333
"R, n=14",5,penalty,0.93,25.76,0.02666666666666667
"R, n=14",5,random,0.96,19.81,0.08333333333333333
"R, n=14",5,greedy,1.0,0.0,1.0
"R, n=14",6,xy,0.93,23.23,0.13666666666666666
"R, n=14",6,penalty,0.8166666666666667,34.403333333333336,0.006666666666666667
"R, n=14",6,random,0.78,33.62,0.013333333333333334
"R, n=14",6,greedy,1.0,0.0,1.0
"R, n=14",7,xy,0.5733333333333334,41.92333333333333,0.04666666666666667
"R, n=14",7,penalty,0.45666666666666667,48.596666666666664,0.0
"R, n=14",7,random,0.43,50.12,0.0033333333333333335
"R, n=14",7,greedy,1.0,0.0,1.0
"R, n=14",8,xy,0.4066666666666667,48.97666666666667,0.006666666666666667
"R, n=14",8,penalty,0.35,51.86666666666667,0.006666666666666667
"R, n=14",8,random,0.31666666666666665,51.78,0.0033333333333333335
"R, n=14",8,greedy,0.39666666666666667,48.56666666666667,0.0
"R, n=14",9,xy,0.7366666666666667,30.28,0.2
"R, n=14",9,penalty,0.6766666666666666,40.89,0.013333333333333334
"R, n=14",9,random,0.6266666666666667,41.14333333333333,0.016666666666666666
"R, n=14",9,greedy,1.0,0.0,1.0
"R, n=14",10,xy,0.6166666666666667,42.75333333333333,0.016666666666666666
"R, n=14",10,penalty,0.6133333333333333,42.86333333333334,0.0033333333333333335
"R, n=14",10,random,0.5866666666666667,44.46333333333333,0.01
"R, n=14",10,greedy,1.0,0.0,1.0
"R, n=14",11,xy,1.0,0.6833333333333333,0.9266666666666666
"R, n=14",11,penalty,0.9966666666666667,5.763333333333334,0.43333333333333335
"R, n=14",11,random,1.0,3.67,0.6033333333333334
"R, n=14",11,greedy,1.0,0.0,1.0
"H, n=12",0,xy,0.5333333333333333,40.69,0.11666666666666667
"H, n=12",0,penalty,0.47,44.67333333333333,0.02666666666666667
"H, n=12",0,random,0.49666666666666665,42.96666666666667,0.02666666666666667
"H, n=12",0,greedy,0.4166666666666667,48.44,0.0
"H, n=12",1,xy,0.77,28.846666666666668,0.15333333333333332
"H, n=12",1,penalty,0.7466666666666667,32.45666666666666,0.04
"H, n=12",1,random,0.7066666666666667,32.46,0.11333333333333333
"H, n=12",1,greedy,0.6033333333333334,42.5,0.0
"H, n=12",2,xy,0.89,19.033333333333335,0.30666666666666664
"H, n=12",2,penalty,0.8366666666666667,29.29,0.05333333333333334
"H, n=12",2,random,0.8333333333333334,28.75,0.08
"H, n=12",2,greedy,0.7333333333333333,36.13666666666666,0.0
"H, n=12",3,xy,0.51,43.04333333333334,0.016666666666666666
"H, n=12",3,penalty,0.4633333333333333,45.20333333333333,0.016666666666666666
"H, n=12",3,random,0.5233333333333333,41.50333333333333,0.056666666666666664
"H, n=12",3,greedy,0.39666666666666667,50.95,0.0
"H, n=12",4,xy,0.99,6.03,0.59
"H, n=12",4,penalty,0.9666666666666667,19.23,0.056666666666666664
"H, n=12",4,random,0.99,17.01,0.10333333333333333
"H, n=12",4,greedy,0.9933333333333333,13.43,0.0
"H, n=12",5,xy,0.7766666666666666,30.406666666666666,0.1
"H, n=12",5,penalty,0.6933333333333334,36.8,0.023333333333333334
"H, n=12",5,random,0.7466666666666667,34.18,0.04666666666666667
"H, n=12",5,greedy,0.7133333333333334,37.72666666666667,0.0
"H, n=12",6,xy,0.86,21.64666666666667,0.30333333333333334
"H, n=12",6,penalty,0.8133333333333334,29.80666666666667,0.07
"H, n=12",6,random,0.81,28.416666666666668,0.08
"H, n=12",6,greedy,0.7466666666666667,38.416666666666664,0.0
"H, n=12",7,xy,0.99,3.68,0.7566666666666667
"H, n=12",7,penalty,0.9833333333333333,13.79,0.22
"H, n=12",7,random,0.9666666666666667,11.726666666666667,0.37333333333333335
"H, n=12",7,greedy,0.9633333333333334,15.636666666666667,0.0
"H, n=12",8,xy,0.6333333333333333,37.763333333333335,0.04666666666666667
"H, n=12",8,penalty,0.6166666666666667,40.11,0.02666666666666667
"H, n=12",8,random,0.6133333333333333,39.43333333333333,0.02666666666666667
"H, n=12",8,greedy,0.6,41.45333333333333,0.0
"H, n=12",9,xy,0.7833333333333333,24.733333333333334,0.30333333333333334
"H, n=12",9,penalty,0.6466666666666666,36.56,0.05
"H, n=12",9,random,0.6833333333333333,35.516666666666666,0.06
"H, n=12",9,greedy,0.5266666666666666,45.193333333333335,0.0
"H, n=12",10,xy,0.63,36.13,0.11
"H, n=12",10,penalty,0.6366666666666667,39.02,0.02
"H, n=12",10,random,0.62,38.843333333333334,0.05
"H, n=12",10,greedy,0.76,32.43666666666667,0.0
"H, n=12",11,xy,0.47,48.31666666666667,0.0
"H, n=12",11,penalty,0.5066666666666667,44.88666666666666,0.016666666666666666
"H, n=12",11,random,0.47333333333333333,45.16,0.016666666666666666
"H, n=12",11,greedy,0.46,47.57333333333333,0.0
