set,instance,method,refined,p_feasible,ratio_cond,p_opt,ratio_top1,best_of_1,best_of_10,best_of_100
n=12 (in distribution),0,median,False,1.0,0.810507358439956,0.016303806044361636,0.9333333333333333,0.8105073584399558,0.9345924154352415,0.9871172716599277
n=12 (in distribution),0,gnn,False,1.0,0.8069667900998125,0.020830757765444324,1.0,0.8069667900998124,0.9350118158361236,0.9918775869762735
n=12 (in distribution),0,random,False,1.0,0.6937349430078392,0.0018366423564645917,0.7166666666666666,0.6937349430078392,0.8457380374361282,0.9329397688136254
n=12 (in distribution),0,median,True,1.0,0.8131320739698966,0.01885422519646994,0.9333333333333333,0.8131320739698965,0.9369972748038106,0.9900628341745357
n=12 (in distribution),0,gnn,True,0.9999999999999999,0.8128915719274393,0.01930821854499931,0.9333333333333333,0.8128915719274393,0.9371381517569193,0.9905122699438063
n=12 (in distribution),0,random,True,1.0,0.7491279873409069,0.0068150407957497695,0.888888888888889,0.7491279873409069,0.8853339456180139,0.9520840900548296
n=12 (in distribution),0,per-instance optimum,True,1.0,0.8134022984450205,0.01871793182425896,0.9333333333333333,0.8134022984450205,0.9371386298770272,0.9899238410620982
n=12 (in distribution),0,uniform random subset,False,1.0,0.6896969696969697,0.00202020202020202,,0.6896969696969693,0.8532820138003252,0.9384904218877905
n=12 (in distribution),1,median,False,1.0,0.7921304222106824,0.0845128539758749,1.0,0.7921304222106824,0.9697751478411583,0.999991872574688
n=12 (in distribution),1,gnn,False,1.0,0.7941355812842663,0.07158290052952429,1.0,0.7941355812842663,0.9644278400864882,0.9999669598919085
n=12 (in distribution),1,random,False,1.0,0.6067999240970169,0.008251458872504754,0.49444444444444446,0.6067999240970169,0.846137573687804,0.9661706519621962
n=12 (in distribution),1,median,True,1.0,0.7973694835512156,0.08134538034936954,1.0,0.7973694835512156,0.9688670345895074,0.9999885196751325
n=12 (in distribution),1,gnn,True,1.0,0.7964232922222533,0.08069335312770946,1.0,0.7964232922222532,0.9679919611504532,0.9999876755284776
n=12 (in distribution),1,random,True,1.0,0.6612547238352683,0.007506499553531977,0.5185185185185185,0.6612547238352683,0.874424869731973,0.9715344364348218
n=12 (in distribution),1,per-instance optimum,True,1.0,0.7991535628136253,0.08190694104000742,1.0,0.799153562813625,0.9698969192085923,0.999989200640048
n=12 (in distribution),1,uniform random subset,False,1.0,0.6202020202020202,0.006060606060606061,,0.6202020202020201,0.8599343277113111,0.9658334493611822
n=12 (in distribution),2,median,False,1.0,0.8208886697077331,0.014728720957497245,0.9285714285714286,0.820888669707733,0.935410768209366,0.9838022653496369
n=12 (in distribution),2,gnn,False,1.0,0.8315219718509432,0.02115272277023456,0.9285714285714286,0.8315219718509432,0.9406045644084456,0.9915789610370895
n=12 (in distribution),2,random,False,1.0,0.7063013351652062,0.003032852624162922,0.6607142857142857,0.7063013351652061,0.8708443975138322,0.945313548346182
n=12 (in distribution),2,median,True,1.0000000000000002,0.8280554379312313,0.018186300392772584,0.9285714285714286,0.8280554379312314,0.9378111790782792,0.9886032576018212
n=12 (in distribution),2,gnn,True,1.0,0.8320278020500071,0.020779442060465645,0.9285714285714286,0.8320278020500071,0.9402615405154867,0.9912516888728475
n=12 (in distribution),2,random,True,1.0,0.7417201845597008,0.004414265354376153,0.8333333333333334,0.7417201845597008,0.8877949997885741,0.9526206478257165
n=12 (in distribution),2,per-instance optimum,True,1.0,0.7822623308883969,0.006812849495926252,0.9285714285714286,0.7822623308883968,0.9171525286983133,0.9639436839296665
n=12 (in distribution),2,uniform random subset,False,1.0,0.718037518037518,0.00404040404040404,,0.7180375180375175,0.8817147601995894,0.9521407057777311
n=12 (in distribution),3,median,False,1.0,0.7064163201099899,0.0045613130100055485,0.9473684210526315,0.7064163201099898,0.9005635663182291,0.9656401875905252
n=12 (in distribution),3,gnn,False,1.0000000000000002,0.7198223198215862,0.008111364530028472,0.8947368421052632,0.7198223198215861,0.9101537389013135,0.9762783123399523
n=12 (in distribution),3,random,False,1.0,0.537256553165131,0.0009151046503953084,0.4447368421052631,0.537256553165131,0.771550425746403,0.9055162218898284
n=12 (in distribution),3,median,True,1.0,0.7163376283737886,0.006693253000222068,0.9473684210526315,0.7163376283737884,0.9070729040125861,0.9725995895766498
n=12 (in distribution),3,gnn,True,1.0,0.7224220297408599,0.00890416830981549,0.9473684210526315,0.7224220297408597,0.9119377855152156,0.9781688683670314
n=12 (in distribution),3,random,True,1.0,0.6004178998639934,0.0027991698507726964,0.6491228070175439,0.6004178998639934,0.8240856778765872,0.9342716060937603
n=12 (in distribution),3,per-instance optimum,True,1.0,0.6954669863197547,0.008268144868225401,0.6842105263157895,0.6954669863197547,0.8992726495606627,0.9757714391263684
n=12 (in distribution),3,uniform random subset,False,1.0,0.5652312599681021,0.00202020202020202,,0.5652312599681021,0.8102777362958059,0.9316104591719256
n=12 (in distribution),4,median,False,1.0,0.7442758990127276,0.02515492851968753,0.8666666666666667,0.7442758990127276,0.9291228389734756,0.9947823051333556
n=12 (in distribution),4,gnn,False,1.0,0.7758657242205703,0.0514752390004269,0.8666666666666667,0.7758657242205702,0.9486568651903522,0.9996621079334795
n=12 (in distribution),4,random,False,1.0,0.5660124357104238,0.005203781899174385,0.37,0.5660124357104238,0.830172062104837,0.9481530695591834
n=12 (in distribution),4,median,True,1.0,0.7769842853176394,0.05737575873231201,0.8666666666666667,0.7769842853176394,0.9519779114528204,0.9998189615337589
n=12 (in distribution),4,gnn,True,1.0000000000000002,0.7768173355992858,0.05639689840621696,0.8666666666666667,0.7768173355992859,0.9516499581729603,0.9997991618754628
n=12 (in distribution),4,random,True,1.0,0.636227213235585,0.014692069567036212,0.6,0.636227213235585,0.8757247615199106,0.9841524845653424
n=12 (in distribution),4,per-instance optimum,True,1.0,0.7610611953700678,0.03161081912485915,0.7333333333333333,0.7610611953700677,0.9371292532717942,0.9973152577599805
n=12 (in distribution),4,uniform random subset,False,1.0,0.6234343434343435,0.01616161616161616,,0.6234343434343436,0.8817667154650525,0.986732033228462
n=12 (in distribution),5,median,False,1.0,0.7717893795029513,0.028311825584730922,0.8823529411764706,0.7717893795029512,0.9295013122396898,0.9966619366949948
n=12 (in distribution),5,gnn,False,1.0,0.7739701076614136,0.032437772901729764,0.8823529411764706,0.7739701076614136,0.9350289245630351,0.9978229605242477
n=12 (in distribution),5,random,False,1.0,0.5739583884916308,0.0020339633425031428,0.5235294117647059,0.5739583884916307,0.7988125995416471,0.91505635257327
n=12 (in distribution),5,median,True,0.9999999999999998,0.7733645475771225,0.029197613687450517,0.8823529411764706,0.7733645475771221,0.9308131179659529,0.9969547539227377
n=12 (in distribution),5,gnn,True,1.0,0.7765222694294063,0.034746273518383435,0.8823529411764706,0.7765222694294063,0.9367955374788105,0.9982856480041921
n=12 (in distribution),5,random,True,1.0,0.6229339131421233,0.004155618308736072,0.4901960784313726,0.6229339131421231,0.8439966797675039,0.9484963306300375
n=12 (in distribution),5,per-instance optimum,True,1.0,0.7073032983256187,0.007124517538307421,0.8823529411764706,0.7073032983256187,0.8875592174652472,0.9660004020138404
n=12 (in distribution),5,uniform random subset,False,1.0,0.6028520499108734,0.00404040404040404,,0.6028520499108735,0.8335512423530078,0.9462717833820952
n=12 (in distribution),6,median,False,1.0,0.778307685532323,0.1845820500074925,0.9166666666666666,0.7783076855323229,0.9881298269730993,0.9999999998854895
n=12 (in distribution),6,gnn,False,1.0,0.7595266009230319,0.21422614116810093,1.0,0.7595266009230318,0.9916138712603432,0.9999999999971779
n=12 (in distribution),6,random,False,1.0,0.5673650780636307,0.03341757643493444,0.4041666666666667,0.5673650780636305,0.8727270568607365,0.99400634559952
n=12 (in distribution),6,median,True,1.0,0.7794100526163913,0.19200726086404923,0.9166666666666666,0.7794100526163913,0.9891961033009042,0.9999999999541261
n=12 (in distribution),6,gnn,True,0.9999999999999999,0.7800200805882894,0.20491664811795002,0.9166666666666666,0.7800200805882892,0.9908618693084812,0.999999999990836
n=12 (in distribution),6,random,True,1.0,0.6963299872113872,0.0812735201837983,0.8888888888888888,0.696329987211387,0.9473775063875944,0.998933691166084
n=12 (in distribution),6,per-instance optimum,True,1.0,0.775103241210608,0.19597860742955242,0.9166666666666666,0.7751032412106079,0.98958914966451,0.9999999999719729
n=12 (in distribution),6,uniform random subset,False,1.0,0.593939393939394,0.05858585858585859,,0.5939393939393933,0.9130103088452342,0.999797109366319
n=12 (in distribution),7,median,False,1.0,0.7314735479378576,0.0058872080716660235,0.8333333333333334,0.7314735479378575,0.9096385564259999,0.9687184112481299
n=12 (in distribution),7,gnn,False,1.0,0.7334606797673378,0.010963098184340278,0.9444444444444444,0.7334606797673376,0.9168771972870152,0.9813722814531602
n=12 (in distribution),7,random,False,1.0,0.5879857373278843,0.001148864734376217,0.5416666666666667,0.5879857373278843,0.8445802740118079,0.9264569763205257
n=12 (in distribution),7,median,True,1.0,0.745337318802946,0.006827892776780592,0.8888888888888888,0.745337318802946,0.9129745693891903,0.9717531102887437
n=12 (in distribution),7,gnn,True,1.0000000000000002,0.7458847979754836,0.007029288696177503,0.9444444444444444,0.7458847979754836,0.9140329204168044,0.9723633958944919
n=12 (in distribution),7,random,True,1.0,0.6410139362526834,0.0006967078688723071,0.8333333333333334,0.6410139362526833,0.8635882365863039,0.9224555417867148
n=12 (in distribution),7,per-instance optimum,True,1.0,0.7480511742982422,0.00785469202867854,0.9444444444444444,0.7480511742982421,0.9157154742481648,0.9746090440491149
n=12 (in distribution),7,uniform random subset,False,1.0,0.5947250280583614,0.00202020202020202,,0.5947250280583614,0.8543207615899204,0.9412079188892366
n=12 (in distribution),8,median,False,1.0,0.7358467708181182,0.10997110074868038,1.0,0.7358467708181182,0.9749924630272736,0.99999945513238
n=12 (in distribution),8,gnn,False,1.0,0.711802249407222,0.09201768097924629,1.0,0.7118022494072219,0.9633498811155469,0.9999959853653382
n=12 (in distribution),8,random,False,1.0,0.5280724964349137,0.007630160331591826,0.4625,0.5280724964349137,0.8122568959850636,0.9577932428744405
n=12 (in distribution),8,median,True,1.0,0.7691168711893089,0.12539808313837886,1.0,0.7691168711893089,0.9811202371253387,0.9999999051750649
n=12 (in distribution),8,gnn,True,0.9999999999999999,0.7407925050670706,0.11903724725296416,1.0,0.7407925050670705,0.9775305559235563,0.9999998042801734
n=12 (in distribution),8,random,True,1.0,0.6140791623017634,0.020936617008749048,0.6875,0.6140791623017633,0.8919806560412389,0.9872437297225268
n=12 (in distribution),8,per-instance optimum,True,0.9999999999999999,0.7087446788837575,0.0916868297255777,1.0,0.7087446788837575,0.9641177919966833,0.9999958362760675
n=12 (in distribution),8,uniform random subset,False,1.0,0.5598484848484848,0.00808080808080808,,0.5598484848484847,0.8427513291259172,0.9686658480545478
n=12 (in distribution),9,median,False,1.0,0.7522259241513776,0.0772412730989503,1.0,0.7522259241513776,0.9600612092017927,0.999981016876506
n=12 (in distribution),9,gnn,False,1.0,0.7574556067137093,0.08641612217898063,0.9411764705882353,0.7574556067137094,0.9647043885335549,0.9999930113375856
n=12 (in distribution),9,random,False,1.0,0.5837067152498359,0.005472501542405571,0.4999999999999999,0.5837067152498358,0.8015946840798186,0.9423963724143027
n=12 (in distribution),9,median,True,0.9999999999999998,0.7572218303844731,0.08520364823972143,1.0,0.7572218303844728,0.9642744833426478,0.9999920201682022
n=12 (in distribution),9,gnn,True,1.0000000000000002,0.7590616492100637,0.08884713799355945,1.0,0.7590616492100639,0.9663345211512677,0.9999946460341468
n=12 (in distribution),9,random,True,1.0,0.6650989475570875,0.024291745421732375,0.7843137254901961,0.6650989475570875,0.8813194717189315,0.9891045339734168
n=12 (in distribution),9,per-instance optimum,True,1.0,0.7589967282895461,0.08806705901065089,1.0,0.758996728289546,0.9659267932535207,0.9999941676764218
n=12 (in distribution),9,uniform random subset,False,1.0,0.5963161021984551,0.006060606060606061,,0.5963161021984551,0.818660343109455,0.9587820187728652
n=12 (in distribution),10,median,False,0.9999999999999999,0.8138920735544076,0.23380433787915417,1.0,0.8138920735544075,0.9941687764325942,0.9999999999997689
n=12 (in distribution),10,gnn,False,0.9999999999999999,0.8187443137138871,0.21040470295324762,1.0,0.818744313713887,0.9921483927653859,0.9999999999957683
n=12 (in distribution),10,random,False,1.0,0.5634130733956417,0.017715219745078798,0.4769230769230769,0.5634130733956417,0.85341106545742,0.9687805859383232
n=12 (in distribution),10,median,True,0.9999999999999999,0.8200953818927735,0.2196150204327285,1.0,0.8200953818927733,0.9930155536994928,0.9999999999986909
n=12 (in distribution),10,gnn,True,1.0000000000000002,0.8197757485606532,0.21279203768328564,1.0,0.8197757485606532,0.9923785988273783,0.9999999999968738
n=12 (in distribution),10,random,True,1.0,0.7276527860986478,0.07442175007330047,0.9487179487179488,0.7276527860986476,0.9510788794873731,0.9996738570959538
n=12 (in distribution),10,per-instance optimum,True,1.0000000000000002,0.8199792226283327,0.21361851424418993,1.0,0.8199792226283327,0.9924585914781288,0.9999999999971857
n=12 (in distribution),10,uniform random subset,False,1.0,0.5916083916083917,0.014141414141414142,,0.5916083916083915,0.8688595504864822,0.9808249090709995
n=12 (in distribution),11,median,False,1.0,0.8706139014736486,0.1675218619356553,1.0,0.8706139014736486,0.9892082192917377,0.9999999992735722
n=12 (in distribution),11,gnn,False,1.0,0.879001938674731,0.17190841859296146,1.0,0.8790019386747311,0.9898105054774651,0.9999999995717024
n=12 (in distribution),11,random,False,1.0,0.7609542323070689,0.021281697199128532,0.7433333333333334,0.7609542323070689,0.9169479080374145,0.9895611813126685
n=12 (in distribution),11,median,True,1.0,0.8762360345040106,0.15702772584948563,1.0,0.8762360345040106,0.9878021045137115,0.9999999974576355
n=12 (in distribution),11,gnn,True,0.9999999999999999,0.880762127531208,0.1721482068202298,1.0,0.880762127531208,0.9898476597349027,0.9999999995839283
n=12 (in distribution),11,random,True,1.0,0.7994251946772369,0.056297835325394036,0.9777777777777779,0.7994251946772368,0.955096613749774,0.9995573490298186
n=12 (in distribution),11,per-instance optimum,True,1.0000000000000002,0.8340760661126146,0.07867944294252847,1.0,0.8340760661126148,0.9681735478076967,0.9999815929203336
n=12 (in distribution),11,uniform random subset,False,1.0,0.7593265993265992,0.01616161616161616,,0.7593265993265989,0.9114976702158597,0.9869248799469194
n=12 (in distribution),12,median,False,1.0,0.7739335955535653,0.030504675742700403,0.8666666666666667,0.7739335955535654,0.9293273261706098,0.9969900590417055
n=12 (in distribution),12,gnn,False,1.0,0.7903598461249155,0.036397043139844466,0.8666666666666667,0.7903598461249154,0.941129666091773,0.9983642308029376
n=12 (in distribution),12,random,False,1.0,0.6221142145513865,0.0017712348951840896,0.5133333333333334,0.6221142145513863,0.8171965775133374,0.9222187684028091
n=12 (in distribution),12,median,True,1.0,0.7861492780902146,0.035003591422022154,0.8666666666666667,0.7861492780902146,0.9377610038528821,0.9981099055700794
n=12 (in distribution),12,gnn,True,0.9999999999999999,0.7934671139951385,0.03977341382662378,0.8666666666666667,0.7934671139951384,0.94405815236847,0.9988484526339024
n=12 (in distribution),12,random,True,1.0,0.6710711464225733,0.002411680332229043,0.7333333333333333,0.6710711464225732,0.8499586431429856,0.9387199371743735
n=12 (in distribution),12,per-instance optimum,True,1.0,0.7440192907853347,0.008357254575711211,0.8,0.7440192907853346,0.9065939293174429,0.9711876605946387
n=12 (in distribution),12,uniform random subset,False,1.0,0.6374410774410774,0.00202020202020202,,0.6374410774410771,0.834429692993404,0.934843281687226
n=12 (in distribution),13,median,False,1.0,0.756014928130135,0.014343875393501343,0.8666666666666667,0.756014928130135,0.907512409840975,0.9842652722273587
n=12 (in distribution),13,gnn,False,1.0,0.766248514864456,0.016764852760024065,0.8666666666666667,0.766248514864456,0.91150470525192,0.9876973457730676
n=12 (in distribution),13,random,False,1.0,0.6427379871281154,0.0004943020231218493,0.57,0.6427379871281154,0.7975281396279982,0.8878579775905632
n=12 (in distribution),13,median,True,0.9999999999999998,0.7649705891269768,0.01427758667236527,0.8666666666666667,0.7649705891269767,0.9064614881869036,0.9841511525313036
n=12 (in distribution),13,gnn,True,0.9999999999999998,0.7669713238084473,0.01589232300100855,0.8666666666666667,0.7669713238084471,0.9100176968624716,0.9865542896434145
n=12 (in distribution),13,random,True,0.9999999999999999,0.6967768954673789,0.0019157273333949077,0.7555555555555555,0.6967768954673789,0.8455370278793547,0.9321815518015351
n=12 (in distribution),13,per-instance optimum,True,1.0,0.7547146986300695,0.015334761501690346,0.9333333333333333,0.7547146986300692,0.904783060121894,0.9857581801035488
n=12 (in distribution),13,uniform random subset,False,1.0,0.6536026936026935,0.00202020202020202,,0.6536026936026931,0.8168861379759554,0.9206776556214107
n=12 (in distribution),14,median,False,1.0,0.8443351954440432,0.002584878902732431,0.8823529411764706,0.8443351954440432,0.9365940822151327,0.9545905883761294
n=12 (in distribution),14,gnn,False,0.9999999999999999,0.8435242154978554,0.004655598677540748,0.9411764705882353,0.8435242154978553,0.9371621410806151,0.9631116802731544
n=12 (in distribution),14,random,False,1.0,0.7221956119692343,0.0017778252378154204,0.5705882352941176,0.7221956119692343,0.8791044956479169,0.9434302214761979
n=12 (in distribution),14,median,True,1.0,0.8469397815063511,0.0029752790229302956,0.9411764705882353,0.8469397815063511,0.9360614428251156,0.9563339662982755
n=12 (in distribution),14,gnn,True,1.0,0.8477545807550719,0.003298498572657374,0.9411764705882353,0.8477545807550719,0.9368189903293436,0.9577270723013785
n=12 (in distribution),14,random,True,1.0,0.7517503364174626,0.003130014696219026,0.7450980392156863,0.7517503364174626,0.8980824708463236,0.9550123611553122
n=12 (in distribution),14,per-instance optimum,True,1.0000000000000002,0.8473789884833179,0.003158286867966781,0.9411764705882353,0.847378988483318,0.93641943440681,0.9571282347260042
n=12 (in distribution),14,uniform random subset,False,1.0,0.7409387997623291,0.00404040404040404,,0.7409387997623289,0.8949369944100449,0.9602555992670663
n=12 (in distribution),15,median,False,1.0,0.7650710918233407,0.05186325799863062,0.9333333333333333,0.7650710918233405,0.9466676839423157,0.9996756503395322
n=12 (in distribution),15,gnn,False,1.0,0.7725897268911062,0.055957528229125975,0.9333333333333333,0.772589726891106,0.950062868047893,0.9997895902333972
n=12 (in distribution),15,random,False,1.0,0.5835761926996577,0.004990854643417081,0.4366666666666667,0.5835761926996575,0.8129884335916715,0.9382964647414738
n=12 (in distribution),15,median,True,1.0,0.7698702324342022,0.05391363560765966,0.8666666666666667,0.7698702324342022,0.9481585056859312,0.9997387876332514
n=12 (in distribution),15,gnn,True,1.0000000000000002,0.7727511965768218,0.05580784595647849,0.8666666666666667,0.7727511965768218,0.9498872342256371,0.9997862275885404
n=12 (in distribution),15,random,True,0.9999999999999999,0.6853473976420691,0.023246020206436277,0.7555555555555555,0.6853473976420689,0.8840912755535397,0.9752338381151396
n=12 (in distribution),15,per-instance optimum,True,1.0,0.7724900850412908,0.055764221001840225,0.8666666666666667,0.7724900850412906,0.949738756013655,0.9997852374175552
n=12 (in distribution),15,uniform random subset,False,1.0,0.6131986531986533,0.00404040404040404,,0.613198653198653,0.8286099354511598,0.9447583408433805
n=12 (in distribution),16,median,False,1.0,0.802071286716959,0.10308624450702378,0.8,0.802071286716959,0.971096399304667,0.9999987440344905
n=12 (in distribution),16,gnn,False,1.0,0.802565084546653,0.1051553142163604,0.9333333333333333,0.8025650845466529,0.9731843496574907,0.9999990030459976
n=12 (in distribution),16,random,False,1.0,0.5937562842568781,0.008324483227428897,0.3866666666666667,0.5937562842568781,0.8230716987208556,0.9552683229861139
n=12 (in distribution),16,median,True,1.0,0.8043554246634778,0.10699174273607194,0.8,0.8043554246634776,0.9723741508405228,0.9999991881856529
n=12 (in distribution),16,gnn,True,0.9999999999999999,0.8073542917696886,0.11186427368884769,0.9333333333333333,0.8073542917696884,0.9747239538709399,0.9999995302758325
n=12 (in distribution),16,random,True,1.0,0.6850837826941332,0.04122402581937638,0.7111111111111111,0.6850837826941331,0.9112290544702629,0.998597122133564
n=12 (in distribution),16,per-instance optimum,True,0.9999999999999998,0.8064862016504337,0.10965144230555612,0.8,0.8064862016504334,0.9736434149625754,0.9999993975583987
n=12 (in distribution),16,uniform random subset,False,1.0,0.6226262626262625,0.012121212121212121,,0.6226262626262624,0.8538623398107821,0.9786445894238085
n=12 (in distribution),17,median,False,1.0000000000000002,0.7431589221620133,0.011550299261452214,0.8235294117647058,0.7431589221620134,0.8842576564901332,0.9768195670467349
n=12 (in distribution),17,gnn,False,1.0,0.7469697963441099,0.01805404790390053,0.8823529411764706,0.74696979634411,0.8942906782631874,0.9883625907077607
n=12 (in distribution),17,random,False,1.0,0.6578715341222653,0.0019482477826637458,0.5941176470588234,0.6578715341222653,0.8141483705588757,0.9051981232649233
n=12 (in distribution),17,median,True,1.0,0.7471233998421474,0.016548468986358197,0.8823529411764706,0.7471233998421474,0.8910155531677839,0.9860852894538165
n=12 (in distribution),17,gnn,True,0.9999999999999999,0.7471640955041515,0.016655916896868073,0.8823529411764706,0.7471640955041515,0.8911252961290163,0.9862361592675429
n=12 (in distribution),17,random,True,1.0,0.7095081315095463,0.007549014558704816,0.7254901960784313,0.709508131509546,0.8577668786133374,0.9513293065906502
n=12 (in distribution),17,per-instance optimum,True,0.9999999999999999,0.7497367726775498,0.01796507933287958,0.8823529411764706,0.7497367726775497,0.8943037229545,0.9882329608913512
n=12 (in distribution),17,uniform random subset,False,1.0,0.6680926916221035,0.00404040404040404,,0.668092691622103,0.8329625829555638,0.9336765449291928
n=12 (in distribution),18,median,False,0.9999999999999998,0.8068224487901636,0.07632760377758809,0.6470588235294118,0.8068224487901632,0.9723677693498549,0.99997904210888
n=12 (in distribution),18,gnn,False,1.0,0.8267882626401091,0.0949371426957968,0.9411764705882353,0.8267882626401091,0.9777429225986709,0.9999972620512655
n=12 (in distribution),18,random,False,1.0,0.6930245706265995,0.011880280107195265,0.5647058823529412,0.6930245706265995,0.9115792718643796,0.9785616754623128
n=12 (in distribution),18,median,True,0.9999999999999999,0.8519483068849318,0.10191422692520277,0.9411764705882353,0.8519483068849317,0.979630121036559,0.9999987372053075
n=12 (in distribution),18,gnn,True,1.0,0.840467653882633,0.09423397019148672,0.9411764705882353,0.840467653882633,0.9776723672561771,0.9999970409387864
n=12 (in distribution),18,random,True,1.0,0.750267143696813,0.025673641458637698,0.7843137254901961,0.7502671436968127,0.9411355292053664,0.9939953627032789
n=12 (in distribution),18,per-instance optimum,True,1.0,0.8200127336959715,0.05991747166650918,0.8235294117647058,0.8200127336959716,0.9663603875183794,0.9998780591529798
n=12 (in distribution),18,uniform random subset,False,1.0,0.7218062982768865,0.020202020202020204,,0.7218062982768865,0.9330989217933353,0.9923579442344215
n=12 (in distribution),19,median,False,1.0,0.8348183168606212,0.03390899806593309,0.8823529411764706,0.8348183168606214,0.9525268300642559,0.9981320949532606
n=12 (in distribution),19,gnn,False,0.9999999999999998,0.8295576339653966,0.027301036574203633,1.0,0.8295576339653963,0.9471869654231149,0.9963068546268307
n=12 (in distribution),19,random,False,1.0,0.6519755276011987,0.00674652676343743,0.511764705882353,0.6519755276011986,0.8788055539052048,0.9628255280540626
n=12 (in distribution),19,median,True,1.0,0.8429381920703969,0.034148976885918454,1.0,0.8429381920703968,0.9527667300155235,0.9981779281496508
n=12 (in distribution),19,gnn,True,1.0,0.8425527321443161,0.03321542610122973,0.8823529411764706,0.842552732144316,0.9523382911147018,0.9979931158895177
n=12 (in distribution),19,random,True,1.0,0.8023614816683472,0.027838960256606538,0.9215686274509803,0.802361481668347,0.9427682574380832,0.9960285602914135
n=12 (in distribution),19,per-instance optimum,True,1.0000000000000002,0.8433045206383609,0.03529084416967794,1.0,0.8433045206383608,0.9531510471078455,0.9983812077628963
n=12 (in distribution),19,uniform random subset,False,1.0,0.6804515745692216,0.00202020202020202,,0.6804515745692213,0.8833564480825722,0.9497455452678337
n=12 (in distribution),20,median,False,1.0,0.8053345908380735,0.060610168458210996,0.8571428571428571,0.8053345908380733,0.9580673014715024,0.9998624509965964
n=12 (in distribution),20,gnn,False,1.0,0.811489619749963,0.06296951966488588,0.9285714285714286,0.811489619749963,0.9593544245504297,0.9998930344872381
n=12 (in distribution),20,random,False,1.0,0.6528208827810773,0.006048127726616731,0.725,0.6528208827810772,0.8575403869907822,0.9510455256189252
n=12 (in distribution),20,median,True,1.0,0.814522247827097,0.06378717337604396,0.9285714285714286,0.814522247827097,0.9598539079867244,0.9999019763985864
n=12 (in distribution),20,gnn,True,1.0000000000000002,0.8143843973699807,0.06395803430764202,0.9285714285714286,0.8143843973699808,0.9598303237369301,0.9999037492859771
n=12 (in distribution),20,random,True,1.0,0.7712892033810244,0.021335028009750973,0.9047619047619048,0.7712892033810242,0.9247407002893095,0.9874620832313387
n=12 (in distribution),20,per-instance optimum,True,1.0,0.8136745571985776,0.06367473673823829,0.9285714285714286,0.8136745571985776,0.9595471711604657,0.999900792135549
n=12 (in distribution),20,uniform random subset,False,1.0,0.6569985569985569,0.00808080808080808,,0.6569985569985569,0.8663840580379975,0.9671123016672736
n=12 (in distribution),21,median,False,1.0,0.7094210102906526,0.01581441511593017,0.9230769230769231,0.7094210102906524,0.9110352687960958,0.9843770062902006
n=12 (in distribution),21,gnn,False,1.0,0.7490760925359868,0.015043455906565438,0.9230769230769231,0.7490760925359867,0.9091760574685283,0.9831041415569438
n=12 (in distribution),21,random,False,1.0,0.6069444952535401,0.0038732750422290317,0.5999999999999999,0.60694449525354,0.844013086161403,0.9401891901697195
n=12 (in distribution),21,median,True,0.9999999999999999,0.7432107451667905,0.021909946610414184,0.9230769230769231,0.7432107451667905,0.9173653285497787,0.9916064229913443
n=12 (in distribution),21,gnn,True,1.0,0.7500667140992621,0.014512278452350178,0.9230769230769231,0.750066714099262,0.9097741154750714,0.9821684436701352
n=12 (in distribution),21,random,True,1.0,0.6620354094366351,0.006770604514503411,0.7435897435897436,0.6620354094366349,0.8657130431568975,0.9570849920664358
n=12 (in distribution),21,per-instance optimum,True,1.0,0.7152436923466148,0.01288947296018185,0.9230769230769231,0.7152436923466149,0.8968708709333916,0.9789683485349308
n=12 (in distribution),21,uniform random subset,False,1.0,0.6299922299922299,0.00808080808080808,,0.6299922299922299,0.868120497592182,0.9650108486579849
n=12 (in distribution),22,median,False,1.0,0.8204604229929796,0.019536298107285355,0.9444444444444444,0.8204604229929795,0.9424890444511844,0.9922753293686204
n=12 (in distribution),22,gnn,False,1.0,0.8172228185229905,0.029130494243969914,0.9444444444444444,0.8172228185229904,0.9480225069013353,0.9971105583443872
n=12 (in distribution),22,random,False,1.0,0.7086832232685853,0.0028425510944779953,0.6805555555555554,0.7086832232685853,0.8641345814680845,0.9450127663103078
n=12 (in distribution),22,median,True,1.0,0.824641172626275,0.021250951978773382,0.9444444444444444,0.824641172626275,0.9435922271760193,0.9935156989435324
n=12 (in distribution),22,gnn,True,1.0,0.8234976673236916,0.027945625784352092,0.9444444444444444,0.8234976673236916,0.949110649055318,0.9967357496404878
n=12 (in distribution),22,random,True,1.0,0.7849713876865655,0.015162251337017317,0.8703703703703703,0.7849713876865653,0.9212797452117117,0.9853681711413395
n=12 (in distribution),22,per-instance optimum,True,1.0,0.8251479711627777,0.022269722118783943,0.9444444444444444,0.8251479711627777,0.9446807173846998,0.9941570226295132
n=12 (in distribution),22,uniform random subset,False,1.0,0.7248035914702581,0.006060606060606061,,0.724803591470258,0.8862752996351503,0.9671895577094585
n=12 (in distribution),23,median,False,1.0000000000000002,0.7329094552566103,0.03697513892791094,1.0,0.7329094552566103,0.9452125809865483,0.9987162504744932
n=12 (in distribution),23,gnn,False,1.0,0.7959108220222322,0.043169656464149365,0.9444444444444444,0.795910822022232,0.9589033269669465,0.9993266801148585
n=12 (in distribution),23,random,False,1.0,0.6314875687702597,0.003201921098417064,0.5888888888888888,0.6314875687702597,0.8492199065863112,0.9437294779719299
n=12 (in distribution),23,median,True,0.9999999999999998,0.8099786891051285,0.04496349935156703,0.9444444444444444,0.8099786891051284,0.9607767793443468,0.9994418839394857
n=12 (in distribution),23,gnn,True,1.0,0.810158012216909,0.04591483357392374,0.9444444444444444,0.810158012216909,0.9612842691599711,0.9994948249783797
n=12 (in distribution),23,random,True,0.9999999999999999,0.6792998240420688,0.006504327305145108,0.6666666666666666,0.6792998240420687,0.8873056966260112,0.970611168168016
n=12 (in distribution),23,per-instance optimum,True,1.0,0.8229427621732106,0.05236339472656225,0.9444444444444444,0.8229427621732105,0.9646088202104321,0.9997436045442973
n=12 (in distribution),23,uniform random subset,False,1.0,0.675645342312009,0.00404040404040404,,0.675645342312009,0.8763228912380362,0.9608556782225278
n=12 (in distribution),24,median,False,1.0,0.854620681908655,0.36051557535017825,1.0,0.8546206819086551,0.9987286224715137,1.0
n=12 (in distribution),24,gnn,False,1.0,0.8451551110658932,0.37629470145270383,1.0,0.8451551110658932,0.9990078542341292,1.0
n=12 (in distribution),24,random,False,1.0,0.6468786859205566,0.07705257257041585,0.6388888888888888,0.6468786859205565,0.9324864200438515,0.9994001807761863
n=12 (in distribution),24,median,True,1.0000000000000002,0.8580437874708735,0.36425042211751557,1.0,0.8580437874708736,0.9988010237056958,1.0
n=12 (in distribution),24,gnn,True,1.0000000000000002,0.8550343075809905,0.37834902599163944,1.0,0.8550343075809904,0.9990415328598526,0.9999999999999778
n=12 (in distribution),24,random,True,1.0,0.7243693296535967,0.1660422344908861,1.0,0.7243693296535966,0.9808397378246415,0.9999999984454897
n=12 (in distribution),24,per-instance optimum,True,0.9999999999999999,0.7349707007845809,0.20447345533993327,1.0,0.7349707007845808,0.9879924914842713,0.99999999998707
n=12 (in distribution),24,uniform random subset,False,1.0,0.6570145903479235,0.09090909090909091,,0.6570145903479232,0.9437297012590122,0.9999919371363255
n=12 (in distribution),25,median,False,1.0,0.8212784560946329,0.15627866117485187,1.0,0.8212784560946328,0.9851951754915148,0.999999997548348
n=12 (in distribution),25,gnn,False,0.9999999999999998,0.8263790365649433,0.1295243138987081,1.0,0.8263790365649429,0.9807602050231758,0.9999999443818525
n=12 (in distribution),25,random,False,1.0,0.6524617058618472,0.006517415965720086,0.5705882352941176,0.6524617058618469,0.829677311863807,0.9402349166417509
n=12 (in distribution),25,median,True,1.0,0.8280482605215882,0.14472128090359143,1.0,0.8280482605215881,0.9837493165237445,0.9999999904430512
n=12 (in distribution),25,gnn,True,1.0,0.829731905724298,0.1483529442312178,1.0,0.8297319057242977,0.9847424315880673,0.9999999937551961
n=12 (in distribution),25,random,True,1.0,0.7453257054184373,0.04683515864720031,0.8823529411764706,0.7453257054184372,0.9225419989871858,0.9986926612328867
n=12 (in distribution),25,per-instance optimum,True,1.0000000000000002,0.8299914463894972,0.1485950004784943,1.0,0.8299914463894973,0.984740990011801,0.9999999939302441
n=12 (in distribution),25,uniform random subset,False,1.0,0.6759358288770053,0.00808080808080808,,0.6759358288770051,0.8572651330075497,0.9686989390762928
n=12 (in distribution),26,median,False,1.0,0.797636545222842,0.028121943777567156,0.9285714285714286,0.7976365452228421,0.9375529132030753,0.9958785540342827
n=12 (in distribution),26,gnn,False,1.0000000000000002,0.8006597284804442,0.027782176306212134,0.9285714285714286,0.8006597284804443,0.9375129999464776,0.9957319466185601
n=12 (in distribution),26,random,False,1.0,0.6713369437838016,0.0020695190839506513,0.6642857142857143,0.6713369437838014,0.8558300887515763,0.9386630738620868
n=12 (in distribution),26,median,True,1.0,0.8018795004135862,0.027193775796836888,0.9285714285714286,0.801879500413586,0.9373377416954366,0.9954657440548811
n=12 (in distribution),26,gnn,True,0.9999999999999999,0.8051741955872079,0.031218032564608304,1.0,0.8051741955872078,0.940670785570336,0.997004449771557
n=12 (in distribution),26,random,True,1.0,0.7113147277198323,0.0037016361961124543,0.7857142857142857,0.7113147277198323,0.8817300112173997,0.9503407997735853
n=12 (in distribution),26,per-instance optimum,True,0.9999999999999999,0.774274787698039,0.011005595740860335,0.7857142857142857,0.774274787698039,0.9122579607854504,0.9763804857364982
n=12 (in distribution),26,uniform random subset,False,1.0,0.6777777777777778,0.00404040404040404,,0.6777777777777774,0.8612780438634963,0.9505932713713616
n=12 (in distribution),27,median,False,1.0000000000000002,0.7171065374972805,0.0211824883644274,0.8235294117647058,0.7171065374972805,0.8858059446318642,0.9902201628707064
n=12 (in distribution),27,gnn,False,0.9999999999999998,0.7171027144857957,0.019508113072261715,0.8823529411764706,0.7171027144857955,0.8841547052143343,0.9889740461669223
n=12 (in distribution),27,random,False,1.0,0.5396758936853148,0.0008517468302370365,0.39999999999999997,0.5396758936853148,0.7392026199486048,0.845593568555541
n=12 (in distribution),27,median,True,1.0,0.7237012716429321,0.021158736405534187,0.8235294117647058,0.7237012716429321,0.8864139674928083,0.9905136071821915
n=12 (in distribution),27,gnn,True,1.0,0.7233183783011259,0.022241267277237367,0.8235294117647058,0.7233183783011259,0.8880604607759965,0.9915102405815635
n=12 (in distribution),27,random,True,1.0,0.6187882798624931,0.003533210764127622,0.6862745098039217,0.618788279862493,0.7920156021445907,0.9029600750531556
n=12 (in distribution),27,per-instance optimum,True,1.0000000000000002,0.5953809661991953,0.002396398522992685,0.6470588235294118,0.5953809661991952,0.7860220824908322,0.8993772637017086
n=12 (in distribution),27,uniform random subset,False,1.0,0.5852644087938207,0.00202020202020202,,0.5852644087938202,0.7773688887776938,0.8949235039633274
n=12 (in distribution),28,median,False,1.0000000000000002,0.7368616881204261,0.06551815224405708,0.7857142857142857,0.736861688120426,0.9401253649989612,0.9999184102201838
n=12 (in distribution),28,gnn,False,1.0,0.7593609684673387,0.10765177519626523,1.0,0.7593609684673388,0.9665488897712905,0.9999991921107831
n=12 (in distribution),28,random,False,1.0,0.55612375026437,0.004345166871458992,0.4250000000000001,0.55612375026437,0.7929735911177976,0.9209847735700899
n=12 (in distribution),28,median,True,1.0,0.748144395493101,0.08743126662404167,1.0,0.7481443954931011,0.9553075223763551,0.9999924030955138
n=12 (in distribution),28,gnn,True,1.0,0.7609995091350387,0.10962513130519289,1.0,0.7609995091350384,0.9676640698640464,0.9999993525705827
n=12 (in distribution),28,random,True,1.0,0.6152739109330457,0.0173994336176219,0.7142857142857143,0.6152739109330457,0.8499566784122624,0.9739677750384855
n=12 (in distribution),28,per-instance optimum,True,1.0,0.7566966357637697,0.09985994971671565,1.0,0.7566966357637696,0.9628854763044052,0.9999980727147015
n=12 (in distribution),28,uniform random subset,False,1.0,0.5784992784992785,0.00808080808080808,,0.5784992784992783,0.8246057718468816,0.9631406214323894
n=12 (in distribution),29,median,False,1.0,0.7480124256414524,0.014199414666868176,0.9375,0.7480124256414525,0.9318617997946251,0.9850449611879185
n=12 (in distribution),29,gnn,False,1.0,0.7190127090754435,0.013728186901923574,0.9375,0.7190127090754432,0.9324140838695884,0.9843129129366079
n=12 (in distribution),29,random,False,1.0,0.542065422723628,0.0014938164135271745,0.5125,0.5420654227236279,0.846359481936249,0.9364187630560619
n=12 (in distribution),29,median,True,1.0,0.7489896589921003,0.014345527363512592,0.9375,0.7489896589921003,0.9322739575964178,0.9852650046482264
n=12 (in distribution),29,gnn,True,0.9999999999999998,0.7435058070762173,0.015134998277833643,0.9375,0.743505807076217,0.9349283601143417,0.9863996361749273
n=12 (in distribution),29,random,True,1.0,0.6158755529065779,0.0021784609229192503,0.6875,0.6158755529065779,0.8846292060311997,0.9491276752709968
n=12 (in distribution),29,per-instance optimum,True,1.0,0.751176338406996,0.014897829640181387,0.9375,0.7511763384069962,0.9338704930568595,0.986068184265857
n=12 (in distribution),29,uniform random subset,False,1.0,0.5640151515151515,0.00202020202020202,,0.5640151515151514,0.8561863368546164,0.9435672739709644
n=14 (larger than training),0,median,False,1.0,0.8063899247600814,0.004897943991786552,0.9444444444444444,0.8063899247600813,0.9307222831909661,0.9659989745305502
n=14 (larger than training),0,gnn,False,1.0000000000000002,0.8010484630582559,0.007291745453478278,0.9444444444444444,0.801048463058256,0.9325803565512437,0.9732765554044625
n=14 (larger than training),0,random,False,1.0,0.6580003897096255,9.618609183207006e-05,0.6555555555555557,0.6580003897096253,0.8433272536200207,0.9215090761151163
n=14 (larger than training),0,median,True,1.0,0.8119343154720053,0.004799092972256782,0.9444444444444444,0.8119343154720053,0.9309353154201195,0.965659573773201
n=14 (larger than training),0,gnn,True,1.0,0.8087730684350916,0.006342189155396395,0.9444444444444444,0.8087730684350914,0.9325941877280556,0.9705955000954232
n=14 (larger than training),0,random,True,1.0,0.7229772957286477,0.0005275078028116874,0.7962962962962963,0.7229772957286477,0.8748605868282943,0.9363925628220198
n=14 (larger than training),0,per-instance optimum,True,1.0,0.7781951261716573,0.0013670950412396055,0.9444444444444444,0.7781951261716571,0.911748490726689,0.9514052859729055
n=14 (larger than training),0,uniform random subset,False,1.0,0.6722444222444223,0.0004995004995004995,,0.6722444222444219,0.8525667272762175,0.9341111243962781
n=14 (larger than training),1,median,False,1.0,0.8137193056013811,0.13522793915323303,1.0,0.8137193056013811,0.9828451293384822,0.999999971178521
n=14 (larger than training),1,gnn,False,0.9999999999999999,0.8406381911580826,0.13202110322207553,1.0,0.8406381911580826,0.983705701912385,0.9999999582681434
n=14 (larger than training),1,random,False,1.0,0.7219305577143245,0.02045629316938005,0.7588235294117647,0.721930557714324,0.9099787410946355,0.9890559891391559
n=14 (larger than training),1,median,True,1.0000000000000002,0.8451736677334993,0.14328717810737357,1.0,0.8451736677334993,0.9859159921067181,0.9999999887000179
n=14 (larger than training),1,gnn,True,1.0,0.8473398415331994,0.1444608983079609,1.0,0.8473398415331992,0.9862681058289459,0.9999999901476825
n=14 (larger than training),1,random,True,1.0,0.7570360172776565,0.03565298768986561,0.9411764705882352,0.7570360172776563,0.9394460070358593,0.9984296946613983
n=14 (larger than training),1,per-instance optimum,True,1.0,0.8252996703808895,0.0795307811156275,0.9411764705882353,0.8252996703808894,0.9716084690730611,0.9999851926249461
n=14 (larger than training),1,uniform random subset,False,1.0,0.7252453428924017,0.02197802197802198,,0.7252453428924016,0.913301838907548,0.9935741955129911
n=14 (larger than training),2,median,False,1.0,0.7554808774940712,0.02096217604683284,0.9130434782608695,0.7554808774940711,0.9297573799561867,0.9947479990737088
n=14 (larger than training),2,gnn,False,1.0,0.7513265873107191,0.01964010114279474,0.9130434782608695,0.7513265873107189,0.9284557880692256,0.9939850318466597
n=14 (larger than training),2,random,False,1.0,0.5601317872017109,0.000549252537895831,0.45652173913043476,0.5601317872017108,0.7539888115337834,0.8791322811802005
n=14 (larger than training),2,median,True,1.0,0.7627082541544049,0.025386582499783362,0.9130434782608695,0.7627082541544048,0.9351810288595103,0.9966631705582978
n=14 (larger than training),2,gnn,True,1.0000000000000002,0.7634618950797716,0.021483107132478006,0.9130434782608695,0.7634618950797717,0.9338287421815835,0.9950296311824165
n=14 (larger than training),2,random,True,1.0,0.618721059131614,0.0026817236360338185,0.5797101449275363,0.618721059131614,0.8163586858913477,0.9356487266708337
n=14 (larger than training),2,per-instance optimum,True,1.0,0.7279741770822965,0.01519586659666805,0.9130434782608695,0.7279741770822964,0.9083304325654845,0.9900685067882862
n=14 (larger than training),2,uniform random subset,False,1.0,0.5836554749598228,0.000999000999000999,,0.5836554749598214,0.780793337003529,0.9039308740497225
n=14 (larger than training),3,median,False,1.0,0.7862708034442598,0.004976523703063278,0.95,0.7862708034442597,0.9281681743931001,0.9696333456303508
n=14 (larger than training),3,gnn,False,1.0,0.8127859623801988,0.005643109550927918,0.95,0.8127859623801988,0.9310995332054056,0.9716046941489995
n=14 (larger than training),3,random,False,1.0,0.6842498614885579,0.0004042917677529443,0.6549999999999999,0.6842498614885579,0.8516656706282613,0.9359198266689985
n=14 (larger than training),3,median,True,0.9999999999999999,0.8131541582753955,0.005814960775911809,0.95,0.8131541582753954,0.9319101335140866,0.972091995126589
n=14 (larger than training),3,gnn,True,0.9999999999999999,0.8132032265019112,0.005906852734682101,0.95,0.8132032265019111,0.9319923731116921,0.9723488118347451
n=14 (larger than training),3,random,True,1.0,0.7278677052621063,0.0017151578397235185,0.8333333333333334,0.7278677052621063,0.8868389789361526,0.9548312771838944
n=14 (larger than training),3,per-instance optimum,True,1.0,0.7147835250377901,0.0003725887239667547,0.65,0.7147835250377897,0.8801666288591123,0.9489805641000258
n=14 (larger than training),3,uniform random subset,False,1.0,0.6931818181818182,0.0004995004995004995,,0.693181818181818,0.8486232893154165,0.930888005519807
n=14 (larger than training),4,median,False,1.0,0.7360281512247585,0.004689047194226174,0.9523809523809523,0.7360281512247584,0.9169830808946161,0.9701301045966416
n=14 (larger than training),4,gnn,False,1.0,0.7552954002632326,0.007172478753641108,0.9523809523809523,0.7552954002632325,0.9277423216111624,0.9768013046626325
n=14 (larger than training),4,random,False,1.0,0.5581873529324917,0.0002928422837368592,0.4571428571428572,0.5581873529324916,0.7655610362023036,0.8979158404080991
n=14 (larger than training),4,median,True,1.0,0.7482452126558431,0.006059259451109604,0.9523809523809523,0.7482452126558429,0.9240085859130437,0.9740351077272436
n=14 (larger than training),4,gnn,True,1.0,0.7609344577188226,0.008007865943179494,0.9523809523809523,0.7609344577188226,0.9304971936095935,0.9786806704736315
n=14 (larger than training),4,random,True,1.0,0.596013802336823,0.000779008850716416,0.5079365079365079,0.5960138023368228,0.8060398266829732,0.9289620990795092
n=14 (larger than training),4,per-instance optimum,True,1.0,0.7643824533905186,0.008556692416355479,0.9523809523809523,0.7643824533905184,0.9320373700516327,0.97983081556777
n=14 (larger than training),4,uniform random subset,False,1.0,0.592383806669521,0.000999000999000999,,0.5923838066695191,0.8053269489084255,0.9301435378667404
n=14 (larger than training),5,median,False,1.0,0.7943921851172209,0.02727410778510213,0.9444444444444444,0.7943921851172209,0.9429196318266247,0.9965023040953085
n=14 (larger than training),5,gnn,False,1.0,0.7883057821443289,0.022993248042518975,0.8333333333333334,0.7883057821443288,0.9384480109353509,0.9945737102656921
n=14 (larger than training),5,random,False,1.0,0.650635730419924,0.0022349364644116605,0.44722222222222224,0.650635730419924,0.8565798871089785,0.9406147982617424
n=14 (larger than training),5,median,True,1.0,0.7976126676345744,0.02628774669334943,0.9444444444444444,0.7976126676345744,0.943366745575899,0.996129252451434
n=14 (larger than training),5,gnn,True,1.0,0.7942341826674032,0.02251655852978519,0.8333333333333334,0.7942341826674032,0.9388695838729777,0.9943025225304248
n=14 (larger than training),5,random,True,1.0,0.6861256686819824,0.004906132242339365,0.7037037037037037,0.6861256686819824,0.8808920216607059,0.9631242765410324
n=14 (larger than training),5,per-instance optimum,True,0.9999999999999999,0.7953801420309284,0.02136120710969247,0.9444444444444444,0.7953801420309283,0.9400581655213844,0.9935882758246692
n=14 (larger than training),5,uniform random subset,False,1.0,0.6808469308469309,0.004995004995004995,,0.6808469308469294,0.8821268697433547,0.9643828080732396
n=14 (larger than training),6,median,False,1.0,0.8157754970339309,0.014195216391493288,0.8823529411764706,0.8157754970339308,0.9341695319904507,0.9859186363305338
n=14 (larger than training),6,gnn,False,1.0,0.8312515810135916,0.01998938975584249,0.9411764705882353,0.8312515810135916,0.9423752217200076,0.9921903983356619
n=14 (larger than training),6,random,False,1.0,0.7462869038583178,0.003744574729537517,0.7294117647058822,0.7462869038583176,0.8942889583363394,0.9577963148114232
n=14 (larger than training),6,median,True,0.9999999999999999,0.8270179001411898,0.01737716500825115,0.9411764705882353,0.8270179001411898,0.9391521550542548,0.9898085381373656
n=14 (larger than training),6,gnn,True,0.9999999999999999,0.83127283402483,0.019679236509643008,0.9411764705882353,0.8312728340248298,0.9420256909233791,0.9919393281126131
n=14 (larger than training),6,random,True,1.0,0.7898943691939952,0.009214008290001642,0.8627450980392156,0.7898943691939951,0.9207449463579357,0.9754936510475355
n=14 (larger than training),6,per-instance optimum,True,0.9999999999999999,0.8066796394173802,0.011089451029184778,0.8823529411764706,0.8066796394173799,0.9280647089070958,0.9807130446564747
n=14 (larger than training),6,uniform random subset,False,1.0,0.7583005230064053,0.004495504495504496,,0.7583005230064049,0.9052917613230572,0.9624098983893095
n=14 (larger than training),7,median,False,1.0,0.7586193677191424,0.0069573358728954844,0.9333333333333333,0.7586193677191424,0.9285101664317413,0.9668335114684478
n=14 (larger than training),7,gnn,False,0.9999999999999999,0.7550261585286244,0.007286815803317904,0.9333333333333333,0.7550261585286242,0.9286156324414643,0.9679160581705738
n=14 (larger than training),7,random,False,1.0,0.5718390258806167,0.0006561827956802263,0.6266666666666667,0.5718390258806166,0.8402471967952755,0.9310194166709383
n=14 (larger than training),7,median,True,1.0,0.7634542203134809,0.006071883413379606,0.9333333333333333,0.7634542203134809,0.92755380774946,0.9637417892667729
n=14 (larger than training),7,gnn,True,1.0,0.7630313890691587,0.0060745564899566075,0.9333333333333333,0.7630313890691587,0.9273520767318011,0.9637515392210904
n=14 (larger than training),7,random,True,1.0,0.6681331461535955,0.002241443123036995,0.6666666666666666,0.6681331461535954,0.8932023796376493,0.9464580418891987
n=14 (larger than training),7,per-instance optimum,True,1.0,0.7384903769395139,0.0014698344280945745,0.9333333333333333,0.7384903769395139,0.9126985970513366,0.9424517255406789
n=14 (larger than training),7,uniform random subset,False,1.0,0.5826173826173827,0.000999000999000999,,0.5826173826173814,0.8443207330096225,0.9353431634463202
n=14 (larger than training),8,median,False,1.0,0.8002265603449996,0.048020350706447765,1.0,0.8002265603449994,0.9559292058495364,0.9995711379652696
n=14 (larger than training),8,gnn,False,0.9999999999999999,0.8146396114501898,0.05286624864225393,1.0,0.8146396114501898,0.9602933735058972,0.9997425562274587
n=14 (larger than training),8,random,False,1.0,0.5918684879230264,0.0026185757004312743,0.5,0.591868487923026,0.8107867046060635,0.9314206702383844
n=14 (larger than training),8,median,True,1.0,0.8087142611157911,0.050363707215331635,1.0,0.8087142611157911,0.9578536880436761,0.9996648173714135
n=14 (larger than training),8,gnn,True,0.9999999999999999,0.8153107933032292,0.05287642893894676,1.0,0.8153107933032291,0.9600858944832724,0.999742832793508
n=14 (larger than training),8,random,True,1.0,0.6682935338026569,0.006717540443506992,0.823529411764706,0.6682935338026567,0.8696683115495952,0.9647331209546639
n=14 (larger than training),8,per-instance optimum,True,1.0,0.7969022571179797,0.02921010728478446,0.9411764705882353,0.7969022571179797,0.947188870332251,0.9969655797831328
n=14 (larger than training),8,uniform random subset,False,1.0,0.6158841158841158,0.002997002997002997,,0.615884115884115,0.8301126138112754,0.9430215327101714
n=14 (larger than training),9,median,False,1.0,0.7354654571974211,0.011255830856398459,0.8947368421052632,0.735465457197421,0.9317618093158726,0.9830305882497574
n=14 (larger than training),9,gnn,False,0.9999999999999999,0.74203451439827,0.018817968088356573,0.8947368421052632,0.7420345143982697,0.9432301880079317,0.9921258102452046
n=14 (larger than training),9,random,False,1.0,0.5522042993176799,0.0011039963770266207,0.5263157894736843,0.5522042993176797,0.8225102676609557,0.929534374773346
n=14 (larger than training),9,median,True,1.0,0.7391320174895935,0.013487546193000601,0.8947368421052632,0.7391320174895935,0.9353146816724273,0.9864632412770079
n=14 (larger than training),9,gnn,True,1.0,0.7458022087120928,0.0188685343141838,0.8947368421052632,0.7458022087120928,0.9432184366871114,0.9921662869326999
n=14 (larger than training),9,random,True,0.9999999999999999,0.6754479505443015,0.0032695298562083336,0.8070175438596491,0.6754479505443012,0.8971484731359064,0.9603735328593085
n=14 (larger than training),9,per-instance optimum,True,1.0,0.7622234931083398,0.02211302382250446,0.9473684210526315,0.76222349310834,0.946332939953191,0.9943751234759409
n=14 (larger than training),9,uniform random subset,False,1.0,0.5694305694305695,0.001998001998001998,,0.5694305694305676,0.8378232334328939,0.9426818484134523
n=14 (larger than training),10,median,False,1.0,0.8462364453772642,0.100644501444596,0.9473684210526315,0.8462364453772641,0.9792990369397698,0.9999986986748517
n=14 (larger than training),10,gnn,False,1.0,0.8501271090546647,0.09562699496032456,0.9473684210526315,0.8501271090546648,0.9781070978629098,0.9999977301066891
n=14 (larger than training),10,random,False,1.0,0.6339827518899843,0.006243782702625071,0.518421052631579,0.6339827518899842,0.8647480209500975,0.9587373257020056
n=14 (larger than training),10,median,True,0.9999999999999999,0.8517881331529739,0.0983679290817003,0.9473684210526315,0.8517881331529737,0.9788458937959172,0.9999983243569265
n=14 (larger than training),10,gnn,True,1.0,0.852949999096861,0.10127182789244481,0.9473684210526315,0.8529499990968609,0.9796535474521401,0.9999987863821457
n=14 (larger than training),10,random,True,1.0,0.7524926972418017,0.04059702903920205,0.8421052631578947,0.7524926972418017,0.9444586041794233,0.9986914606618792
n=14 (larger than training),10,per-instance optimum,True,1.0,0.8522869398486188,0.09963663429013205,0.9473684210526315,0.8522869398486188,0.9792051240155102,0.9999985444470924
n=14 (larger than training),10,uniform random subset,False,1.0,0.6582890793417108,0.006993006993006993,,0.6582890793417089,0.8758740744976357,0.9702954799432024
n=14 (larger than training),11,median,False,1.0,0.7962894564696459,0.013158761452089753,0.9523809523809523,0.796289456469646,0.9356898982685505,0.9873349517183405
n=14 (larger than training),11,gnn,False,1.0,0.8040578340344816,0.015170768429280578,0.9047619047619048,0.8040578340344815,0.9418627966137176,0.9896750956260627
n=14 (larger than training),11,random,False,1.0,0.7211618499154469,0.0018843052543736465,0.7,0.7211618499154466,0.8674395856895737,0.945535377005713
n=14 (larger than training),11,median,True,0.9999999999999998,0.8163934450835579,0.020645127633790592,1.0,0.8163934450835574,0.9428079573866279,0.9940866890239838
n=14 (larger than training),11,gnn,True,0.9999999999999999,0.8142211209266915,0.017421882973190753,0.9523809523809523,0.8142211209266913,0.9415973094178127,0.9917866371515194
n=14 (larger than training),11,random,True,1.0,0.7425500106029074,0.003721702950692828,0.6825396825396824,0.7425500106029072,0.8861588733868307,0.9566200706559247
n=14 (larger than training),11,per-instance optimum,True,1.0,0.7410384432320161,0.0011005163744611261,0.7142857142857143,0.7410384432320161,0.8778951729201089,0.9464999196989857
n=14 (larger than training),11,uniform random subset,False,1.0,0.7277246562960847,0.001998001998001998,,0.7277246562960848,0.8795742049247469,0.9549314038646443
