set,instance,cost,p,p_feasible,ratio_cond,p_opt,ratio_top1,best_of_1,best_of_10,best_of_100
R (sparse),0,proxy,1,1.0,0.7145734164116103,0.01683955994325411,0.85,0.7145734164116104,0.8986799625107083,0.9899354050123674
R (sparse),0,proxy,2,1.0,0.7196549994464926,0.036210880274734195,0.95,0.7196549994464926,0.927019039673327,0.9987340054415013
R (sparse),0,proxy,3,1.0,0.7089260850698416,0.017902421226697354,0.85,0.7089260850698414,0.9000290586241225,0.9911276924529304
R (sparse),0,exact,1,1.0,0.7432145388587158,0.024715052238994818,0.85,0.7432145388587156,0.9217732872196539,0.9958538219069987
R (sparse),0,exact,2,1.0,0.7631475851547097,0.06841283089338479,1.0,0.7631475851547095,0.9617558347468739,0.9999581846089127
R (sparse),0,exact,3,1.0,0.7894278363446776,0.06833117209873066,0.95,0.7894278363446777,0.9657802900405665,0.9999578178950742
R (sparse),1,proxy,1,1.0,0.7300038524218508,0.025510068785048884,1.0,0.7300038524218506,0.9264181194306573,0.9946097223614292
R (sparse),1,proxy,2,1.0,0.7806555794937922,0.07968412668186944,1.0,0.7806555794937922,0.9643685307360191,0.9999823167033549
R (sparse),1,proxy,3,0.9999999999999998,0.8041713755962595,0.12335131733449589,1.0,0.8041713755962593,0.9788914664546615,0.9999998630914984
R (sparse),1,exact,1,0.9999999999999999,0.7332696442816785,0.027230622923564603,1.0,0.7332696442816784,0.9279325093826961,0.9954828519088161
R (sparse),1,exact,2,1.0,0.7842377891572537,0.08412104239517187,1.0,0.7842377891572537,0.9658458869350635,0.9999890936335788
R (sparse),1,exact,3,1.0,0.8091485136947749,0.12962174790497388,1.0,0.8091485136947749,0.9803928833649134,0.9999999332155961
R (sparse),2,proxy,1,1.0,0.7894078723484839,0.07343965252064912,1.0,0.7894078723484838,0.9505213698003889,0.9999652050439204
R (sparse),2,proxy,2,1.0,0.8348328273227104,0.16906566458389452,1.0,0.8348328273227104,0.9851843891766432,0.9999999993535312
R (sparse),2,proxy,3,1.0,0.8318601959760992,0.14275563310594913,1.0,0.8318601959760991,0.980113635392933,0.9999999854004861
R (sparse),2,exact,1,1.0,0.8044541969935115,0.09504709791469748,1.0,0.8044541969935114,0.9620395725352628,0.9999967146179021
R (sparse),2,exact,2,1.0,0.7806903320790868,0.06741933919336078,1.0,0.7806903320790869,0.9456530644430773,0.999933458325634
R (sparse),2,exact,3,0.9999999999999999,0.8211737650383976,0.14126897173361275,1.0,0.8211737650383975,0.9793438390762943,0.9999999826382571
R (sparse),3,proxy,1,0.9999999999999999,0.7201248119584579,0.01262596141827006,0.9375,0.7201248119584578,0.9072797479758332,0.9824468118238354
R (sparse),3,proxy,2,1.0,0.7174768300173624,0.00514915170329349,0.75,0.7174768300173623,0.8893927401781955,0.9626028261116671
R (sparse),3,proxy,3,0.9999999999999999,0.7650212887450952,0.016047482403315345,0.9375,0.7650212887450951,0.9255028169456953,0.9876035110761454
R (sparse),3,exact,1,1.0,0.7294891727061017,0.013792962328862015,0.9375,0.7294891727061016,0.9133864326226926,0.9844124281377588
R (sparse),3,exact,2,1.0,0.7236894335620152,0.007458401379060415,0.75,0.7236894335620151,0.8954743359590106,0.9703960086744965
R (sparse),3,exact,3,1.0,0.7423990247460384,0.004848339698267807,0.9375,0.7423990247460381,0.9135108785977005,0.9615572958760957
R (sparse),4,proxy,1,0.9999999999999998,0.7583553803605994,0.059415343008337174,0.8235294117647058,0.758355380360599,0.9436354489792181,0.9998699692928683
R (sparse),4,proxy,2,1.0,0.7957080492200466,0.09844509728476483,1.0,0.7957080492200466,0.9676952924469308,0.9999981418019818
R (sparse),4,proxy,3,1.0,0.7941482055357778,0.10765680722774923,1.0,0.7941482055357778,0.9708486948454581,0.9999993346852708
R (sparse),4,exact,1,0.9999999999999998,0.7657227277810806,0.06360861535906157,0.8235294117647058,0.7657227277810803,0.9464424575533539,0.9999168160655868
R (sparse),4,exact,2,1.0,0.7781586422884516,0.0763585357956059,0.8235294117647058,0.7781586422884517,0.9554030275368346,0.9999790089160087
R (sparse),4,exact,3,1.0,0.7809780911852466,0.06252847692788219,0.8235294117647058,0.7809780911852469,0.9492347765826776,0.9999072451171268
R (sparse),5,proxy,1,1.0,0.8062271161849378,0.04497984811168117,0.8823529411764706,0.8062271161849376,0.9525313484016636,0.9994100638213108
R (sparse),5,proxy,2,1.0,0.8110064619530521,0.050877284882267865,0.9411764705882353,0.8110064619530521,0.9570034657403631,0.9996824677206214
R (sparse),5,proxy,3,1.0,0.8479021504650648,0.07529038419678483,0.8823529411764706,0.8479021504650648,0.971024295768069,0.9999765529367459
R (sparse),5,exact,1,1.0000000000000002,0.8107158948106092,0.046833948393596524,0.9411764705882353,0.8107158948106092,0.9547061671593571,0.9995142555947085
R (sparse),5,exact,2,1.0,0.8490945286450129,0.0787941130918827,0.8823529411764706,0.8490945286450128,0.9722839131789357,0.9999839593655471
R (sparse),5,exact,3,0.9999999999999999,0.8659494531575983,0.0968421209037159,0.9411764705882353,0.8659494531575983,0.9780417347819239,0.9999977822193881
R (sparse),6,proxy,1,1.0,0.6923850638414356,0.020313811384377843,1.0,0.6923850638414354,0.8897167704339205,0.9912873576046006
R (sparse),6,proxy,2,1.0,0.7602344776467544,0.05530985837963559,1.0,0.7602344776467543,0.941505746169164,0.9997883062422939
R (sparse),6,proxy,3,1.0,0.7395489309704459,0.05230857373667303,1.0,0.7395489309704459,0.9337219191066141,0.9997087506320592
R (sparse),6,exact,1,1.0,0.7003868941569981,0.02450483746962299,1.0,0.7003868941569981,0.8972553938682122,0.994345848444153
R (sparse),6,exact,2,1.0000000000000002,0.7738116858352679,0.07495983867230659,1.0,0.7738116858352682,0.9544730086380908,0.9999741526734451
R (sparse),6,exact,3,0.9999999999999999,0.7308529068419954,0.003071324848611324,0.6875,0.7308529068419952,0.8997514238918336,0.9539619210583961
R (sparse),7,proxy,1,1.0,0.704696292924798,0.005342692417410307,0.9333333333333333,0.7046962929247979,0.879777326465923,0.96053055627912
R (sparse),7,proxy,2,0.9999999999999999,0.7604096948521317,0.006047805270612598,0.9333333333333333,0.7604096948521316,0.9112014466553354,0.963652076600169
R (sparse),7,proxy,3,1.0,0.7684041407617511,0.0022984317320128345,0.9333333333333333,0.7684041407617511,0.9121729188941229,0.9470361760797097
R (sparse),7,exact,1,1.0,0.726250382295318,0.007211993271248722,0.8666666666666667,0.726250382295318,0.8968188682078989,0.9676284568143532
R (sparse),7,exact,2,1.0,0.768979911826932,0.0027272082872552283,0.8666666666666667,0.768979911826932,0.913972885965203,0.9492648889361379
R (sparse),7,exact,3,1.0,0.7342445982964412,0.005922141449388335,0.8666666666666667,0.7342445982964413,0.8969256763751935,0.9630774531026289
R (sparse),8,proxy,1,0.9999999999999999,0.730268679288654,0.022458799895891002,0.9473684210526315,0.7302686792886539,0.9197746884047461,0.9945315414720646
R (sparse),8,proxy,2,1.0000000000000002,0.7820557105338448,0.05075442856594845,0.9473684210526315,0.7820557105338449,0.95654378613518,0.999712186864543
R (sparse),8,proxy,3,0.9999999999999998,0.8035458099831451,0.07424561738569398,0.9473684210526315,0.803545809983145,0.9682459101736164,0.9999765131548201
R (sparse),8,exact,1,0.9999999999999999,0.730268679288654,0.022458799895891002,0.9473684210526315,0.7302686792886539,0.9197746884047461,0.9945315414720646
R (sparse),8,exact,2,1.0000000000000002,0.7820557105338448,0.05075442856594845,0.9473684210526315,0.7820557105338449,0.95654378613518,0.999712186864543
R (sparse),8,exact,3,0.9999999999999998,0.8035458099831451,0.07424561738569398,0.9473684210526315,0.803545809983145,0.9682459101736164,0.9999765131548201
R (sparse),9,proxy,1,1.0,0.7848296943169596,0.004657895311967095,0.9230769230769231,0.7848296943169595,0.891653503887742,0.951747103945941
R (sparse),9,proxy,2,1.0,0.800091849481319,0.007673560861698665,0.8461538461538461,0.8000918494813188,0.9026205080246331,0.9643932998513962
R (sparse),9,proxy,3,1.0,0.7784907650613528,0.0030275676390258076,0.9230769230769231,0.7784907650613528,0.884814636242158,0.9430922195710689
R (sparse),9,exact,1,1.0,0.79485427560323,0.005040639848330438,0.8461538461538461,0.7948542756032299,0.8947940582911321,0.953580663420891
R (sparse),9,exact,2,1.0,0.8072713502182579,0.008384662430950667,0.8461538461538461,0.8072713502182579,0.9056047640168434,0.966857306523362
R (sparse),9,exact,3,0.9999999999999999,0.7940507136427858,0.00218747731170607,0.9230769230769231,0.7940507136427856,0.8958723981677301,0.9382012164622093
R (sparse),10,proxy,1,0.9999999999999998,0.6277711980205513,0.0017945085771614855,0.7333333333333333,0.6277711980205509,0.863104958075127,0.9430010839611499
R (sparse),10,proxy,2,1.0,0.6624771002952341,3.458254754731764e-05,0.8,0.6624771002952341,0.8714949124256044,0.9326258573407347
R (sparse),10,proxy,3,0.9999999999999999,0.6887221146479625,0.004264902134494916,0.8666666666666667,0.6887221146479623,0.8929850185037043,0.9564354016524551
R (sparse),10,exact,1,1.0,0.627180033532874,0.001737491508246799,0.7333333333333333,0.6271800335328739,0.8618746035995642,0.9425273282981167
R (sparse),10,exact,2,0.9999999999999999,0.6742725348303298,0.002867909490848693,0.9333333333333333,0.6742725348303296,0.8885063791943932,0.9498731760942525
R (sparse),10,exact,3,1.0,0.7017356811457431,0.004175063121024494,0.8,0.7017356811457431,0.8950957148225267,0.9560636544386493
R (sparse),11,proxy,1,0.9999999999999999,0.729427792097357,0.013313422442786816,0.6875,0.7294277920973569,0.9132991854584698,0.9836339814907129
R (sparse),11,proxy,2,1.0,0.7806974585429726,0.017023254699333138,0.875,0.7806974585429725,0.934376527743664,0.9887745301071671
R (sparse),11,proxy,3,1.0,0.7953139929339867,0.01610106148026126,0.875,0.7953139929339865,0.9359644728942669,0.9876709602163163
R (sparse),11,exact,1,1.0,0.7383288711511944,0.01373036058390887,0.8125,0.7383288711511944,0.918066928915037,0.9843149115342844
R (sparse),11,exact,2,0.9999999999999999,0.7843051112522613,0.01732309094943299,0.875,0.7843051112522612,0.9363141524910052,0.9891118232074755
R (sparse),11,exact,3,0.9999999999999998,0.7822971585521458,0.010224400929374891,0.875,0.7822971585521455,0.9283890346755845,0.9776357358717143
R (sparse),12,proxy,1,0.9999999999999999,0.8117625033202326,0.04711823915367084,0.9333333333333333,0.8117625033202323,0.9519667790165214,0.9994656692546184
R (sparse),12,proxy,2,0.9999999999999999,0.8385558507414571,0.0792812435504549,0.9333333333333333,0.838555850741457,0.9690326978058682,0.9999827572000345
R (sparse),12,proxy,3,1.0,0.8501749658414244,0.1619703102686907,0.9333333333333333,0.8501749658414243,0.9881150022663476,0.9999999985879416
R (sparse),12,exact,1,1.0,0.8215208031836735,0.05500891693899284,0.9333333333333333,0.8215208031836734,0.9565465191131223,0.9997673624608809
R (sparse),12,exact,2,1.0,0.8452632529314641,0.08982654092414692,0.9333333333333333,0.8452632529314641,0.9725702046142237,0.9999945508914299
R (sparse),12,exact,3,0.9999999999999999,0.8570978011157735,0.14116760483482985,1.0,0.8570978011157734,0.9849871827506491,0.9999999836035244
R (sparse),13,proxy,1,0.9999999999999999,0.7294197429840942,0.015001306082630131,1.0,0.7294197429840941,0.9093641356507433,0.9830321136753936
R (sparse),13,proxy,2,1.0,0.7327361141075914,0.01689265073749198,0.9230769230769231,0.7327361141075913,0.918701026202077,0.9859992591379422
R (sparse),13,proxy,3,1.0000000000000002,0.814808394620059,0.03291854513371161,0.9230769230769231,0.814808394620059,0.9438354492225379,0.9972937858252341
R (sparse),13,exact,1,0.9999999999999998,0.7574967547406861,0.01594403515412571,0.8461538461538461,0.7574967547406857,0.9179580189782156,0.9845816914126752
R (sparse),13,exact,2,1.0,0.8053679712067232,0.023291921001804754,0.9230769230769231,0.8053679712067232,0.9357108093604597,0.9927132368273646
R (sparse),13,exact,3,1.0,0.7559741753141146,0.0012528716991164486,0.8461538461538461,0.7559741753141145,0.9042428056538958,0.932140375580214
R (sparse),14,proxy,1,1.0,0.7640016135814387,0.03418454281486616,0.9333333333333333,0.7640016135814386,0.9469510203914457,0.9979425754841365
R (sparse),14,proxy,2,1.0,0.7995052752764371,0.04027386097757698,0.9333333333333333,0.7995052752764372,0.9522319505006855,0.9989069473579598
R (sparse),14,proxy,3,1.0,0.797404645542152,0.04492439250887653,0.9333333333333333,0.7974046455421518,0.9548514881248266,0.9993275127123845
R (sparse),14,exact,1,1.0,0.7681229450015511,0.03419856860440388,0.9333333333333333,0.7681229450015511,0.9472297370647723,0.997945561176066
R (sparse),14,exact,2,1.0,0.7996096828110182,0.03826869382091447,0.9333333333333333,0.7996096828110182,0.9510198667776613,0.9986532590074345
R (sparse),14,exact,3,1.0,0.8096195969052898,0.04297537565972804,0.9333333333333333,0.8096195969052896,0.9539996981666639,0.9991754443401232
R (sparse),15,proxy,1,1.0,0.827013762610898,0.15035318110281526,1.0,0.827013762610898,0.9839362972455122,0.999999993544941
R (sparse),15,proxy,2,1.0000000000000002,0.8744395749478949,0.27293946727854185,1.0,0.8744395749478948,0.9967830543965267,0.9999999999999989
R (sparse),15,proxy,3,1.0,0.856695967021306,0.2586825880447068,1.0,0.8566959670213059,0.9960710186718831,0.9999999999999922
R (sparse),15,exact,1,1.0,0.8322005515367585,0.15487934964649608,1.0,0.8322005515367586,0.9849036069967827,0.9999999962162014
R (sparse),15,exact,2,1.0,0.8812651574317257,0.28971506833156724,1.0,0.8812651574317256,0.9974614780396509,0.9999999999999777
R (sparse),15,exact,3,0.9999999999999999,0.895729782507303,0.3317924706410009,1.0,0.895729782507303,0.9986280635000088,1.0
R (sparse),16,proxy,1,1.0,0.7779007889906882,0.04816086744998415,1.0,0.7779007889906882,0.9497459646797028,0.999577409790578
R (sparse),16,proxy,2,1.0,0.7680352843770547,0.031034925240412528,0.9411764705882353,0.7680352843770547,0.9393193099099967,0.9974859495661591
R (sparse),16,proxy,3,1.0,0.7770199724508252,0.023287972229246785,0.9411764705882353,0.7770199724508254,0.9438853975836373,0.9944255158683452
R (sparse),16,exact,1,1.0,0.7895184478300079,0.05576226211319008,0.9411764705882353,0.789518447830008,0.956083617839325,0.9998104653821379
R (sparse),16,exact,2,1.0,0.8414165289615239,0.12116533923620412,0.9411764705882353,0.8414165289615236,0.982844143375328,0.9999998553665415
R (sparse),16,exact,3,1.0000000000000004,0.7849955225532365,0.02773732786941435,0.9411764705882353,0.7849955225532366,0.9471393433609177,0.9964688812997557
R (sparse),17,proxy,1,1.0,0.7323293941231968,0.017394370392178084,0.8333333333333334,0.7323293941231968,0.9262557408916947,0.9903869156337864
R (sparse),17,proxy,2,0.9999999999999998,0.7648049894546369,0.0213906273657292,0.9444444444444444,0.7648049894546367,0.9379156830961358,0.9936074789024666
R (sparse),17,proxy,3,1.0,0.7610957790213508,0.04520305586210701,1.0,0.7610957790213508,0.9574734797466044,0.999455711007951
R (sparse),17,exact,1,1.0,0.7393599056861964,0.018034147049494097,0.8333333333333334,0.7393599056861961,0.9277544928107772,0.9909941074926822
R (sparse),17,exact,2,0.9999999999999999,0.7653780353627819,0.02188945991529267,0.9444444444444444,0.7653780353627817,0.9384338222367448,0.9939252494404446
R (sparse),17,exact,3,0.9999999999999999,0.7600265285909413,0.04141222095983259,1.0,0.7600265285909412,0.9556562051664612,0.9991910600009621
R (sparse),18,proxy,1,0.9999999999999999,0.7910973565698746,0.0341977995498292,0.9473684210526315,0.7910973565698743,0.9456314104794016,0.9983777924832493
R (sparse),18,proxy,2,1.0,0.7132802935460911,0.0043206186962162375,0.7368421052631579,0.7132802935460911,0.8890454390681708,0.9642702918169465
R (sparse),18,proxy,3,1.0,0.8635532025122834,0.039450973299833686,0.9473684210526315,0.8635532025122835,0.9641420278064746,0.9990598437727743
R (sparse),18,exact,1,1.0,0.7974863750412218,0.03393026875473154,0.9473684210526315,0.7974863750412217,0.9468131216810531,0.9983323038460493
R (sparse),18,exact,2,1.0,0.7140748323461537,0.0032885191964606873,0.7894736842105263,0.7140748323461537,0.8883665235662953,0.9599431420586473
R (sparse),18,exact,3,1.0,0.8612880376017797,0.030674181723823035,0.9473684210526315,0.8612880376017797,0.9606452724437642,0.9976653356904779
R (sparse),19,proxy,1,1.0,0.7271847512541005,0.04371363436814356,1.0,0.7271847512541004,0.944426255780394,0.9991192492344616
R (sparse),19,proxy,2,1.0,0.7894193453191602,0.07478323585955035,0.9230769230769231,0.78941934531916,0.9640498385498413,0.9999676103713118
R (sparse),19,proxy,3,1.0,0.8191749654003104,0.0902629401696507,0.9230769230769231,0.8191749654003103,0.969948413733791,0.999994006985411
R (sparse),19,exact,1,1.0,0.7279639285546313,0.0436905433355921,1.0,0.7279639285546311,0.9445490403982193,0.9991171199798428
R (sparse),19,exact,2,1.0,0.7887353228895984,0.07584512434202915,0.9230769230769231,0.7887353228895982,0.9644474307239128,0.9999711242975126
R (sparse),19,exact,3,1.0,0.815795545511524,0.08146949549914526,0.9230769230769231,0.815795545511524,0.9669230520772572,0.9999843175095058
D (dense),0,proxy,1,1.0,0.9691332592938208,0.49164507975098903,0.92,0.9691332592938207,0.9999538962271142,1.0
D (dense),0,proxy,2,1.0,0.9698393088021878,0.5113244942484205,0.92,0.9698393088021876,0.9999689345327896,0.9999999999999778
D (dense),0,proxy,3,0.9999999999999999,0.9745536505531215,0.5470499042204344,1.0,0.9745536505531215,0.9999854599195486,1.0
D (dense),0,exact,1,1.0,0.9807130311761412,0.6604639744733098,1.0,0.9807130311761403,0.9999991854482017,0.9999999999999334
D (dense),0,exact,2,1.0,0.9843443347891991,0.6902585670605728,1.0,0.9843443347891994,0.9999996748729983,1.0
D (dense),0,exact,3,1.0,0.9872211737153053,0.7374855628630603,1.0,0.9872211737153052,0.9999999378284153,0.9999999999999778
D (dense),1,proxy,1,1.0,0.9403534662933076,0.3864644336510722,1.0,0.9403534662933078,0.9996714475143235,1.0
D (dense),1,proxy,2,1.0,0.9642636971982752,0.5511676544442319,1.0,0.964263697198275,0.999986627680548,0.9999999999999778
D (dense),1,proxy,3,1.0,0.9639630576593032,0.556751017318774,1.0,0.963963057659303,0.9999881702010681,0.9999999999999778
D (dense),1,exact,1,1.0,0.9400204324045478,0.3951545235409319,1.0,0.9400204324045476,0.9997187368139853,1.0
D (dense),1,exact,2,1.0000000000000002,0.9650025273082394,0.5551455020699789,1.0,0.9650025273082395,0.999987764005148,1.0
D (dense),1,exact,3,0.9999999999999999,0.9684206081558846,0.5955931421252634,1.0,0.9684206081558843,0.9999952971367663,0.9999999999999778
D (dense),2,proxy,1,0.9999999999999999,0.9587517866902001,0.3637051202714411,0.9565217391304348,0.9587517866901998,0.9995270051090105,1.0
D (dense),2,proxy,2,1.0,0.9607831078305882,0.5150794530644972,1.0,0.9607831078305882,0.9999687407811032,0.9999999999999778
D (dense),2,proxy,3,1.0,0.9639793866018982,0.46327538675713154,0.9565217391304348,0.9639793866018981,0.9999137444037598,1.0
D (dense),2,exact,1,1.0,0.9627641879532609,0.4206055360646415,1.0,0.9627641879532608,0.9998146401885211,1.0
D (dense),2,exact,2,1.0,0.9587777429532349,0.39504640161505755,1.0,0.9587777429532349,0.999714574474219,1.0
D (dense),2,exact,3,1.0,0.9670778235208427,0.42420708715371924,1.0,0.9670778235208426,0.9998258452538437,1.0
D (dense),3,proxy,1,1.0,0.9157914149899657,0.3201729167974275,0.9565217391304348,0.9157914149899655,0.9990648185129096,1.0
D (dense),3,proxy,2,1.0,0.9141384652131482,0.2777112687500808,0.9565217391304348,0.9141384652131482,0.9983102990991146,0.9999999999999997
D (dense),3,proxy,3,1.0,0.9321798834558008,0.32206771520731403,0.9565217391304348,0.932179883455801,0.9991078464096426,1.0
D (dense),3,exact,1,0.9999999999999999,0.9202973481414278,0.36984665431462455,0.9565217391304348,0.9202973481414277,0.999554298627994,1.0
D (dense),3,exact,2,1.0,0.8645590108296908,0.1523548939713245,0.782608695652174,0.8645590108296907,0.9906711071368979,0.9999999971180834
D (dense),3,exact,3,1.0,0.9483610430786142,0.4733020045990899,1.0,0.9483610430786142,0.9999284363173186,1.0
D (dense),4,proxy,1,1.0,0.9154416331332419,0.25908579163377965,0.88,0.9154416331332417,0.9976315636310277,0.9999999999999962
D (dense),4,proxy,2,0.9999999999999999,0.9308774675393078,0.3441582417769004,1.0,0.9308774675393077,0.9993022524482549,1.0
D (dense),4,proxy,3,1.0,0.9420249890857765,0.3795581098451037,1.0,0.9420249890857764,0.999630467325366,1.0
D (dense),4,exact,1,0.9999999999999999,0.9120595908742378,0.19304753006225547,1.0,0.9120595908742377,0.9946273303136366,0.9999999999806423
D (dense),4,exact,2,1.0,0.9187131364850423,0.23168008780315197,1.0,0.918713136485042,0.9967967317990905,0.9999999999998345
D (dense),4,exact,3,0.9999999999999999,0.9152961317377937,0.24811376517956663,1.0,0.9152961317377937,0.9973091751819236,0.9999999999999724
D (dense),5,proxy,1,0.9999999999999999,0.929038485057783,0.2730763567364483,1.0,0.9290384850577829,0.998303182808654,0.9999999999999994
D (dense),5,proxy,2,1.0,0.9411971967354837,0.32583713294162747,1.0,0.9411971967354837,0.9992113828845816,1.0
D (dense),5,proxy,3,0.9999999999999999,0.949234562647361,0.3774630027997638,1.0,0.9492345626473608,0.9996474365593108,0.9999999999999889
D (dense),5,exact,1,1.0,0.9509405593741744,0.39342379094740526,1.0,0.9509405593741745,0.9997295395616714,1.0
D (dense),5,exact,2,1.0,0.9645883797669076,0.48540112836301974,1.0,0.9645883797669076,0.9999478915741365,1.0
D (dense),5,exact,3,1.0,0.9710258470814751,0.5353024143452945,1.0,0.971025847081475,0.9999812165088969,1.0
D (dense),6,proxy,1,0.9999999999999999,0.935962744217527,0.23527168509531055,1.0,0.9359627442175268,0.9972594535818664,0.9999999999998881
D (dense),6,proxy,2,1.0,0.941798960474609,0.25182285481322675,1.0,0.941798960474609,0.9978005432381876,0.9999999999999899
D (dense),6,proxy,3,1.0,0.9471704892083603,0.25780550263379165,1.0,0.9471704892083601,0.9979708262309898,0.9999999999999954
D (dense),6,exact,1,0.9999999999999998,0.9460485665595891,0.34134258835741627,1.0,0.9460485665595885,0.999385038766114,0.9999999999999445
D (dense),6,exact,2,1.0,0.9596924868973458,0.4420632297356462,1.0,0.9596924868973458,0.9998830669354646,1.0
D (dense),6,exact,3,1.0,0.9253558095032896,0.16638089744786974,0.96,0.9253558095032894,0.9935031343469047,0.999999999500166
D (dense),7,proxy,1,0.9999999999999999,0.9459450537186326,0.31715663282105594,1.0,0.9459450537186321,0.9989504744824362,0.9999999999999445
D (dense),7,proxy,2,1.0,0.9415704918729464,0.2940000078120778,0.9523809523809523,0.9415704918729465,0.9985350280413773,1.0
D (dense),7,proxy,3,1.0000000000000002,0.940102959793584,0.24758607214324574,0.9523809523809523,0.940102959793584,0.9972308206602979,0.9999999999999789
D (dense),7,exact,1,1.0,0.9454791894829917,0.3214297082808967,1.0,0.9454791894829918,0.9990143225646495,1.0
D (dense),7,exact,2,1.0,0.9411059027868164,0.3077517386388119,1.0,0.9411059027868162,0.9987966100280853,1.0
D (dense),7,exact,3,0.9999999999999999,0.9492795757919223,0.3467749942336007,1.0,0.949279575791922,0.9993263874091448,0.9999999999999667
D (dense),8,proxy,1,1.0,0.9764982539936181,0.6768791667248094,1.0,0.9764982539936181,0.9999994360677323,1.0
D (dense),8,proxy,2,1.0,0.9811014459216529,0.7099358864439309,1.0,0.9811014459216532,0.9999998083462402,1.0
D (dense),8,proxy,3,1.0,0.9762744719663417,0.6809861521562839,1.0,0.9762744719663415,0.9999995037817682,1.0
D (dense),8,exact,1,0.9999999999999999,0.9759501514249849,0.5545881832447906,1.0,0.9759501514249849,0.9999860300558975,1.0
D (dense),8,exact,2,1.0,0.9787579616070445,0.6181582802680022,1.0,0.9787579616070443,0.9999970049015879,0.9999999999999778
D (dense),8,exact,3,1.0,0.9668701347279656,0.48525014985537557,0.9545454545454546,0.9668701347279656,0.9999406337458749,1.0
D (dense),9,proxy,1,1.0,0.9094712368630543,0.16207105638356342,0.92,0.9094712368630543,0.9930351503356623,0.9999999991628853
D (dense),9,proxy,2,1.0,0.9287812022678786,0.2168762193173493,1.0,0.9287812022678785,0.9965119270227704,0.9999999999990338
D (dense),9,proxy,3,1.0,0.9007352066721012,0.14227214950737524,0.92,0.9007352066721012,0.9910546961410859,0.9999999913500981
D (dense),9,exact,1,1.0,0.9159686768521009,0.15619403970200454,0.92,0.9159686768521009,0.9925968256732042,0.99999999831609
D (dense),9,exact,2,0.9999999999999999,0.9216767627326791,0.17406221396331234,0.96,0.921676762732679,0.9940530298240446,0.9999999998019193
D (dense),9,exact,3,1.0,0.9107783674387768,0.14445099247043794,1.0,0.9107783674387768,0.9914350868981759,0.9999999932926777
D (dense),10,proxy,1,1.0,0.9287963153298727,0.3071833741829443,1.0,0.9287963153298728,0.9989361765099164,1.0
D (dense),10,proxy,2,1.0,0.9237329119984521,0.31593923401850627,1.0,0.923732911998452,0.999061360460657,1.0
D (dense),10,proxy,3,0.9999999999999999,0.9305760449322507,0.31512422773598875,0.9583333333333334,0.9305760449322503,0.999052486725878,0.9999999999999778
D (dense),10,exact,1,1.0,0.9389679795357383,0.3551132105211441,1.0,0.9389679795357382,0.9994813366536974,1.0
D (dense),10,exact,2,0.9999999999999999,0.9350204136072658,0.3682304558855942,1.0,0.935020413607266,0.9995774743515845,1.0
D (dense),10,exact,3,0.9999999999999998,0.9385687817597552,0.3557665887860372,1.0,0.938568781759755,0.9994866472157771,0.9999999999999889
D (dense),11,proxy,1,1.0,0.9059889561932396,0.17009992720221304,1.0,0.9059889561932396,0.9937304744657034,0.9999999996803753
D (dense),11,proxy,2,0.9999999999999998,0.9275136941385667,0.24869961957273307,1.0,0.9275136941385664,0.9977030744715611,0.9999999999999626
D (dense),11,proxy,3,1.0,0.918113915514766,0.21069008788594515,0.96,0.9181139155147657,0.9962355494786682,0.9999999999978777
D (dense),11,exact,1,1.0,0.9112896449924234,0.1945139571136196,1.0,0.9112896449924233,0.9953814817735952,0.9999999999838616
D (dense),11,exact,2,1.0,0.8915390151723336,0.09543760835997006,0.88,0.8915390151723332,0.9851742505902955,0.9999982383779317
D (dense),11,exact,3,1.0,0.9214626681334642,0.19097006863161145,1.0,0.9214626681334642,0.995190629187396,0.9999999999749666
D (dense),12,proxy,1,0.9999999999999998,0.9584435222429419,0.5698064226678318,1.0,0.9584435222429416,0.9999885733468997,0.9999999999999556
D (dense),12,proxy,2,1.0,0.959571118729527,0.5381624436440973,1.0,0.9595711187295266,0.9999767642226358,0.9999999999999556
D (dense),12,proxy,3,1.0,0.9712500749296572,0.6034388631657963,0.9473684210526315,0.9712500749296572,0.999994937699133,1.0
D (dense),12,exact,1,1.0,0.9544378780691227,0.535671465919092,0.9473684210526315,0.9544378780691227,0.9999754784679273,1.0
D (dense),12,exact,2,1.0,0.9623249566073685,0.5894806023343093,1.0,0.9623249566073685,0.999992844894871,1.0
D (dense),12,exact,3,1.0,0.9744976734128541,0.6633313572458758,1.0,0.974497673412854,0.9999990153697277,1.0
D (dense),13,proxy,1,1.0,0.9571789729952516,0.4962600818716868,1.0,0.9571789729952513,0.9999498822750348,0.9999999999999778
D (dense),13,proxy,2,1.0,0.9395910221913611,0.37480786403847244,0.9523809523809523,0.9395910221913611,0.9995648445993698,1.0
D (dense),13,proxy,3,0.9999999999999999,0.9399949552063857,0.3829059892117513,1.0,0.9399949552063855,0.9996182929207587,1.0
D (dense),13,exact,1,1.0,0.9612189537801574,0.5040353374498427,1.0,0.9612189537801573,0.9999571161707571,0.9999999999999778
D (dense),13,exact,2,0.9999999999999999,0.942295582099182,0.33876710904925833,0.9523809523809523,0.9422955820991816,0.9992388657839063,0.9999999999999778
D (dense),13,exact,3,1.0,0.94389742542778,0.3653609727267967,0.9523809523809523,0.9438974254277801,0.9994951089821968,1.0
D (dense),14,proxy,1,0.9999999999999998,0.905203872719754,0.09914651042298762,0.96,0.9052038727197536,0.9850578639532998,0.99999883190943
D (dense),14,proxy,2,0.9999999999999999,0.9028589890269557,0.08854095871854806,0.96,0.9028589890269556,0.9832673578149159,0.9999962349068776
D (dense),14,proxy,3,0.9999999999999998,0.9061498418866502,0.07074121846928617,0.96,0.9061498418866502,0.9803029913736829,0.999973954818995
D (dense),14,exact,1,1.0,0.9223182150892933,0.10225009330949011,1.0,0.9223182150892932,0.9861337501106584,0.9999991728260118
D (dense),14,exact,2,1.0,0.9402666949991805,0.18162053408616324,1.0,0.9402666949991803,0.9945986939021773,0.9999999999209951
D (dense),14,exact,3,1.0,0.8946490909666707,0.05128381607630766,0.92,0.8946490909666706,0.9739801695439712,0.9997931331466842
D (dense),15,proxy,1,1.0,0.9039092814725412,0.1036912085437133,0.84,0.9039092814725411,0.9855282179740847,0.9999992955898246
D (dense),15,proxy,2,1.0,0.8779404041547836,0.07390011656425803,0.84,0.8779404041547835,0.9769376939439534,0.9999814713786237
D (dense),15,proxy,3,1.0,0.9149598813131886,0.14413379343121013,0.96,0.9149598813131884,0.9911187804097595,0.9999999930393586
D (dense),15,exact,1,1.0,0.9102362256050198,0.15800782834308444,1.0,0.9102362256050199,0.992508294922438,0.9999999986421076
D (dense),15,exact,2,1.0,0.9276435267380565,0.19512490004114577,1.0,0.9276435267380565,0.9953475494788215,0.9999999999850296
D (dense),15,exact,3,1.0,0.9241589088630394,0.22086265850526118,1.0,0.9241589088630394,0.9965984347740493,0.9999999999994199
D (dense),16,proxy,1,1.0,0.9018788086393899,0.2522380556775047,1.0,0.9018788086393899,0.9977973102544915,0.9999999999999905
D (dense),16,proxy,2,1.0,0.929878755975259,0.31049605673125596,1.0,0.9298787559752592,0.9990278704385229,1.0
D (dense),16,proxy,3,1.0,0.918415843450252,0.3210252642515792,1.0,0.9184158434502518,0.9991657754875302,0.9999999999999778
D (dense),16,exact,1,1.0000000000000002,0.9152952847961899,0.27093330262351367,0.96,0.9152952847961899,0.9982945966351792,0.9999999999999993
D (dense),16,exact,2,1.0,0.9447581544983514,0.3751707258173015,1.0,0.9447581544983515,0.9996371198022254,1.0
D (dense),16,exact,3,0.9999999999999999,0.9324580763728543,0.3515739521160889,1.0,0.9324580763728543,0.9994739499956109,1.0
D (dense),17,proxy,1,1.0,0.909791946943145,0.07605256900281816,1.0,0.9097919469431452,0.9806681329219664,0.9999847062148626
D (dense),17,proxy,2,1.0000000000000002,0.928235989833631,0.12463646340208526,1.0,0.9282359898336311,0.9889327856271588,0.9999999310341595
D (dense),17,proxy,3,0.9999999999999999,0.9166308869715393,0.09486961017193316,1.0,0.9166308869715393,0.9844118427470043,0.999998046095111
D (dense),17,exact,1,0.9999999999999999,0.9111153742785714,0.0721170748155169,1.0,0.9111153742785711,0.9798959140474406,0.9999766058616764
D (dense),17,exact,2,1.0,0.9310236711342887,0.143997249585483,1.0,0.9310236711342886,0.9911738213556509,0.9999999926327608
D (dense),17,exact,3,1.0,0.9210438560302939,0.13149012128459922,0.9583333333333334,0.9210438560302938,0.989726337258864,0.9999999685757428
D (dense),18,proxy,1,1.0,0.9352783412027819,0.288143382560081,0.96,0.9352783412027814,0.9986580037507905,0.9999999999999555
D (dense),18,proxy,2,1.0,0.9034819862921559,0.19006613022152744,1.0,0.9034819862921555,0.9950376727771412,0.9999999999719758
D (dense),18,proxy,3,1.0000000000000002,0.9485374539225746,0.35952065550748386,0.96,0.9485374539225745,0.9995347126995437,0.9999999999999778
D (dense),18,exact,1,1.0,0.9381101880753782,0.2739047713113326,0.96,0.9381101880753782,0.9983681332020946,0.9999999999999996
D (dense),18,exact,2,0.9999999999999999,0.9377050668984238,0.31092887581033707,1.0,0.9377050668984238,0.9990328373702883,1.0
D (dense),18,exact,3,1.0,0.9407905732972408,0.3380218336697206,1.0,0.9407905732972408,0.999352607322485,1.0
D (dense),19,proxy,1,1.0,0.9339858082649304,0.2776571881683322,1.0,0.9339858082649303,0.9984485018866296,0.9999999999999998
D (dense),19,proxy,2,1.0000000000000002,0.951221661535989,0.3731958191761653,1.0,0.9512216615359892,0.9996252097539262,1.0
D (dense),19,proxy,3,1.0,0.9498583626552447,0.3712447542757687,1.0,0.9498583626552446,0.9996131172152095,1.0
D (dense),19,exact,1,1.0,0.9260378482523677,0.18351084953883748,1.0,0.9260378482523676,0.9947193200164712,0.9999999999373128
D (dense),19,exact,2,1.0,0.9404081137400815,0.2512442142558134,1.0,0.9404081137400815,0.9977827531324177,0.9999999999999669
D (dense),19,exact,3,1.0,0.9338459321974304,0.2166527601746035,1.0,0.9338459321974304,0.99651849584602,0.9999999999990058
F (proxy fails),0,proxy,1,1.0,0.9587557471117364,0.36372304690611496,0.9565217391304348,0.9587557471117365,0.9995271383511917,1.0
F (proxy fails),0,proxy,2,1.0,0.9543406967507355,0.2595922880095466,0.9565217391304348,0.9543406967507356,0.9978473099639488,0.9999999999999962
F (proxy fails),0,proxy,3,1.0,0.9608977092447877,0.5544260740379094,1.0,0.9608977092447877,0.9999865887038627,1.0
F (proxy fails),0,exact,1,1.0,0.9627641845965882,0.42058224716435455,1.0,0.9627641845965881,0.9998145656692162,0.9999999999999778
F (proxy fails),0,exact,2,1.0,0.9634147144765032,0.4277763368919375,0.9565217391304348,0.9634147144765033,0.9998363446160161,1.0
F (proxy fails),0,exact,3,0.9999999999999999,0.9645929113234071,0.44401800241697353,0.9565217391304348,0.9645929113234071,0.9998772901401161,1.0
F (proxy fails),1,proxy,1,0.9999999999999999,0.9157930266720923,0.32019299960811276,0.9565217391304348,0.9157930266720921,0.9990651007508671,0.9999999999999778
F (proxy fails),1,proxy,2,1.0,0.9145416796286568,0.28129026813942526,0.9565217391304348,0.9145416796286567,0.998391870402721,0.9999999999999776
F (proxy fails),1,proxy,3,1.0,0.9209642262325002,0.25120196629885094,0.9565217391304348,0.9209642262325001,0.9975887168525607,0.9999999999999881
F (proxy fails),1,exact,1,1.0,0.9202973786630564,0.36979024225140295,0.9565217391304348,0.9202973786630563,0.9995538852945524,1.0
F (proxy fails),1,exact,2,1.0000000000000002,0.9062731008240721,0.2857329172985327,0.9565217391304348,0.9062731008240722,0.9984759758284368,0.9999999999999999
F (proxy fails),1,exact,3,1.0,0.8698272853343377,0.16914435033181946,0.9130434782608695,0.8698272853343375,0.9920998282830169,0.9999999996101996
F (proxy fails),2,proxy,1,1.0,0.9154589644202774,0.2590582260391493,0.88,0.9154589644202773,0.9976308084582938,0.9999999999999962
F (proxy fails),2,proxy,2,0.9999999999999998,0.9305550118091759,0.3251053089381871,0.96,0.9305550118091754,0.999180848149764,0.9999999999999778
F (proxy fails),2,proxy,3,1.0,0.9298561319731408,0.3630069161654243,1.0,0.9298561319731405,0.9995185849462782,1.0
F (proxy fails),2,exact,1,1.0,0.8699667891083994,0.09148624625756781,1.0,0.8699667891083993,0.9785707426417877,0.9999972757631227
F (proxy fails),2,exact,2,1.0,0.9173745624682998,0.2302448202762874,1.0,0.9173745624682998,0.9967798559526844,0.9999999999998274
F (proxy fails),2,exact,3,1.0,0.9251161780467394,0.2731079449086011,1.0,0.9251161780467392,0.9982588001243872,0.9999999999999994
F (proxy fails),3,proxy,1,1.0,0.935962642855733,0.23527020472196183,1.0,0.935962642855733,0.9972594011177354,0.9999999999999103
F (proxy fails),3,proxy,2,1.0,0.9305434215178704,0.19611527089184086,0.96,0.9305434215178702,0.9954804002955933,0.9999999999867404
F (proxy fails),3,proxy,3,1.0,0.9445018140230045,0.25527715084244923,1.0,0.9445018140230044,0.997900551509131,0.9999999999999937
F (proxy fails),3,exact,1,1.0,0.9460485613687206,0.3415546150291138,1.0,0.9460485613687203,0.9993870166296843,0.9999999999999778
F (proxy fails),3,exact,2,1.0,0.9440682628428643,0.3040279306493431,1.0,0.9440682628428643,0.9989330463200802,1.0
F (proxy fails),3,exact,3,1.0,0.9607077113044131,0.3967430772154975,1.0,0.960707711304413,0.9997446772072192,1.0
F (proxy fails),4,proxy,1,1.0,0.9052063904375819,0.0991562533085853,0.96,0.905206390437582,0.9850595278225516,0.9999988331720862
F (proxy fails),4,proxy,2,1.0,0.9068066691381975,0.10863677723466623,0.96,0.9068066691381974,0.9865486362006914,0.9999995949290259
F (proxy fails),4,proxy,3,1.0,0.9060590913099332,0.07172116004343285,0.96,0.9060590913099329,0.9804918154312925,0.9999765628349904
F (proxy fails),4,exact,1,1.0,0.9223181280638773,0.10221671831135647,1.0,0.9223181280638773,0.9861283764156954,0.9999991697452435
F (proxy fails),4,exact,2,1.0000000000000002,0.9398681246340512,0.18008622502419494,1.0,0.9398681246340512,0.9944957520655603,0.9999999999047471
F (proxy fails),4,exact,3,0.9999999999999999,0.8945407666509734,0.04560909352816878,0.92,0.8945407666509733,0.9723208773275208,0.9996244314135031
F (proxy fails),5,proxy,1,1.0,0.9224577575367138,0.10207024830966248,0.88,0.9224577575367138,0.9862076365666342,0.9999991560899725
F (proxy fails),5,proxy,2,0.9999999999999999,0.9288510800164518,0.10274408724642682,0.88,0.9288510800164514,0.9863714041060749,0.999999217124137
F (proxy fails),5,proxy,3,1.0,0.9351837046481319,0.15958382566492332,0.88,0.9351837046481319,0.9929429673638961,0.9999999988740991
F (proxy fails),5,exact,1,1.0000000000000002,0.9306041070475066,0.1214047123956225,0.96,0.9306041070475067,0.9889928536306456,0.9999999042922848
F (proxy fails),5,exact,2,1.0000000000000002,0.9374939510082184,0.13308921798853315,0.96,0.9374939510082186,0.9903945122446677,0.9999999749100131
F (proxy fails),5,exact,3,1.0,0.9377477520703414,0.18766005682613326,1.0,0.9377477520703414,0.9949903914622611,0.9999999999623435
F (proxy fails),6,proxy,1,1.0000000000000002,0.9238252069099014,0.07041111155450314,0.9166666666666666,0.9238252069099014,0.9798007833044724,0.9999718886860465
F (proxy fails),6,proxy,2,0.9999999999999999,0.9264835525909886,0.06689891231801053,0.9166666666666666,0.9264835525909885,0.9790658359591704,0.9999590118492092
F (proxy fails),6,proxy,3,1.0,0.9273683220913991,0.05949720309011005,0.9583333333333334,0.927368322091399,0.9773760005272975,0.9999096770944698
F (proxy fails),6,exact,1,1.0,0.9416845461832559,0.1802194966508818,1.0,0.941684546183256,0.9942862804024734,0.9999999999023781
F (proxy fails),6,exact,2,1.0,0.9500938032112415,0.2605757210468009,1.0,0.9500938032112414,0.9979641396647722,0.9999999999999968
F (proxy fails),6,exact,3,1.0,0.9572647160468352,0.34266228502401064,1.0,0.9572647160468353,0.9993723631728166,1.0
F (proxy fails),7,proxy,1,1.0,0.9382178260458387,0.32341683217708916,0.9565217391304348,0.9382178260458387,0.999123925577716,1.0
F (proxy fails),7,proxy,2,1.0,0.9359437141967923,0.3006494706467302,0.9565217391304348,0.9359437141967922,0.9987796718851351,1.0
F (proxy fails),7,proxy,3,0.9999999999999999,0.9313114225839932,0.2865534378638964,0.9565217391304348,0.9313114225839931,0.9985101431289687,0.9999999999999888
F (proxy fails),7,exact,1,0.9999999999999998,0.9442723457670881,0.34893296778837757,0.9565217391304348,0.9442723457670879,0.9994040291294063,0.9999999999999778
F (proxy fails),7,exact,2,1.0,0.94374568894781,0.3446989595566017,0.9565217391304348,0.9437456889478101,0.999364218095624,1.0
F (proxy fails),7,exact,3,1.0,0.9483094404535664,0.3950613068532066,0.9565217391304348,0.9483094404535664,0.9997143514370207,1.0
F (proxy fails),8,proxy,1,0.9999999999999999,0.8920585983681639,0.15229007636105388,0.9545454545454546,0.8920585983681637,0.9912831239228684,0.9999999969639841
F (proxy fails),8,proxy,2,0.9999999999999999,0.9141759020871064,0.16468110619862436,0.9545454545454546,0.9141759020871062,0.9924817273429796,0.9999999993036706
F (proxy fails),8,proxy,3,1.0,0.9220864210498336,0.20384371438141335,0.9545454545454546,0.9220864210498333,0.9953487887749213,0.9999999999942465
F (proxy fails),8,exact,1,1.0,0.920482206330699,0.2624157746834457,0.9090909090909091,0.920482206330699,0.9978334636260254,0.9999999999999972
F (proxy fails),8,exact,2,0.9999999999999998,0.9408583547821083,0.3119785665919336,1.0,0.940858354782108,0.9989195637778514,0.9999999999999666
F (proxy fails),8,exact,3,1.0,0.9341100662162859,0.2844898821810587,1.0,0.9341100662162856,0.9984014005181389,0.9999999999999777
F (proxy fails),9,proxy,1,1.0,0.8943326675574979,0.09531123393288077,0.875,0.8943326675574979,0.9843049193684308,0.9999981391622405
F (proxy fails),9,proxy,2,1.0000000000000002,0.9022059871722333,0.0930934244230571,0.9583333333333334,0.9022059871722337,0.9839696583302162,0.9999976229197877
F (proxy fails),9,proxy,3,1.0,0.9030202149059734,0.1468200796870878,1.0,0.9030202149059734,0.9912018049986606,0.9999999947051784
F (proxy fails),9,exact,1,0.9999999999999999,0.9073378779686411,0.1318270005776862,0.875,0.9073378779686408,0.9895799663286331,0.9999999697715238
F (proxy fails),9,exact,2,1.0,0.9104809650247121,0.11894941590797822,0.9166666666666666,0.9104809650247121,0.9880297038553236,0.999999868212839
F (proxy fails),9,exact,3,0.9999999999999998,0.9113713411119968,0.16150671431452174,1.0,0.9113713411119965,0.9927402229500685,0.9999999990672765
F (proxy fails),10,proxy,1,1.0,0.9143252186388902,0.1414413153921242,0.9473684210526315,0.91432521863889,0.9885229137698238,0.9999999874615181
F (proxy fails),10,proxy,2,1.0,0.9135240653063658,0.16550651821541962,0.9473684210526315,0.9135240653063657,0.9913652723313897,0.9999999992696328
F (proxy fails),10,proxy,3,1.0000000000000002,0.9210444362565288,0.13788079599239444,0.9473684210526315,0.9210444362565288,0.9880532924969975,0.9999999810338873
F (proxy fails),10,exact,1,1.0,0.9403407363440611,0.242583635808734,0.9473684210526315,0.940340736344061,0.9967296025289183,0.9999999999999548
F (proxy fails),10,exact,2,1.0,0.9493615583568753,0.37280356241573465,1.0,0.9493615583568754,0.9995042097014715,1.0
F (proxy fails),10,exact,3,1.0,0.95516020661084,0.352196787510312,1.0,0.9551602066108394,0.9993150207435799,0.9999999999999334
F (proxy fails),11,proxy,1,1.0,0.9158986502202519,0.24453192332148377,0.96,0.9158986502202516,0.9973460364729824,0.9999999999999735
F (proxy fails),11,proxy,2,1.0,0.935892512948033,0.2844565751893753,0.96,0.9358925129480329,0.9985822001007938,0.9999999999999999
F (proxy fails),11,proxy,3,1.0,0.9101677781039801,0.17705635591997487,1.0,0.9101677781039801,0.9941071796531114,0.9999999998622571
F (proxy fails),11,exact,1,0.9999999999999999,0.9314916504362495,0.3403831165785985,1.0,0.9314916504362494,0.9992596793904152,1.0
F (proxy fails),11,exact,2,0.9999999999999999,0.9564376677415731,0.526308034903763,1.0,0.956437667741573,0.9999753263715954,1.0
F (proxy fails),11,exact,3,1.0,0.9314949223931361,0.35318061557373687,1.0,0.9314949223931361,0.999380947279261,1.0
