ansatz,p,n_params,var_cost,cost_ci_lo,cost_ci_hi,mean_var_grad,grad_ci_lo,grad_ci_hi
standard QAOA,1,2,0.004447072102254197,0.0028479548238419714,0.006083879701900258,117.38633242658985,47.778121094806906,219.15074831037066
standard QAOA,2,4,0.003249391858987472,0.0019733598836769953,0.004890409634257094,59.30305088125449,35.47760951643725,88.11640930925664
standard QAOA,3,6,0.0013778727608118357,0.000809638835485602,0.001999760129614572,29.534064701801004,19.768833540758244,39.86017681303538
standard QAOA,5,10,0.000254958259294871,0.0001495281034652359,0.000379054766163422,6.627988526616191,4.341147131503778,10.501210917705187
standard QAOA,10,20,2.1314596549602878e-05,1.4477886771591715e-05,2.9633444759966353e-05,2.0481462889925237,1.6402324310609508,2.487848460768409
standard QAOA,20,40,8.697645826770148e-06,6.280241086897657e-06,1.1645685726637564e-05,1.5639199103178076,1.1117177727816665,1.9389355021697445
standard QAOA,45,90,7.939718189363176e-06,6.060315428806065e-06,9.938632113779706e-06,1.668564751349249,1.2051624436220094,2.060003932040406
ma-QAOA,1,90,3.2540139772271127e-06,1.9470033210392695e-06,4.983996568122721e-06,1.6662987105134263e-06,1.418304820080379e-06,1.974145957841249e-06
ma-QAOA,2,180,3.567405750565879e-06,2.8564927031443158e-06,4.3049145852873355e-06,3.5203747335862636e-06,3.365970169692385e-06,3.5771556890127007e-06
