family,instance,lp_fraction_fractional,p,variant,lp_topk_ratio,p_feasible,ratio_cond,p_opt,ratio_top1,best_of_1,best_of_10,best_of_100
R,R-n12-s0,0.0,1,warm start,1.0,0.5122613981200168,0.8053187932319312,0.12861654946582776,1.0,0.4125337309533136,0.9646278028765988,0.999999919159442
R,R-n12-s0,0.0,1,standard,1.0,0.4336942892108373,0.6415889604867517,0.00959223994340865,1.0,0.27825346818382174,0.7988280129147054,0.9653602543228952
R,R-n12-s0,0.0,2,warm start,1.0,0.5407030475104598,0.8197615252725299,0.15661455014559006,1.0,0.4432475549466798,0.9756201021030156,0.9999999969167768
R,R-n12-s0,0.0,2,standard,1.0,0.5332776194751128,0.6448382097983142,0.012444789829532033,1.0,0.3438777854678381,0.8262388886628538,0.9756214200644782
R,R-n12-s0,0.0,3,warm start,1.0,0.48951799523952805,0.8102354645525235,0.12921006243283212,1.0,0.396624840279719,0.9635967135648748,0.9999999244440337
R,R-n12-s0,0.0,3,standard,1.0,0.5647033777327723,0.6364231392368372,0.01141967665684531,0.6153846153846154,0.35939029639433634,0.823882392379325,0.9726740142370605
R,R-n12-s1,0.0,1,warm start,1.0,0.5182341285799809,0.8273570897807556,0.08535704457189405,1.0,0.4287646804469984,0.9534672629934171,0.9999904671380205
R,R-n12-s1,0.0,1,standard,1.0,0.4354185169868572,0.703139353595034,0.0037614492822354573,1.0,0.306159894577445,0.8230281080839256,0.9427127484199284
R,R-n12-s1,0.0,2,warm start,1.0,0.5814521516500035,0.8312673511354832,0.10091543075302999,1.0,0.4833421899141256,0.963557675016214,0.9999982861298464
R,R-n12-s1,0.0,2,standard,1.0,0.5911574093248233,0.7050057203970403,0.00535726928869235,1.0,0.4167693552290946,0.8506134139617091,0.9548571413970642
R,R-n12-s1,0.0,3,warm start,1.0,0.6143396757448452,0.8429848919033841,0.12860214400613854,1.0,0.517879065149728,0.9744088666579294,0.9999999249172823
R,R-n12-s1,0.0,3,standard,1.0,0.6375161699723826,0.7055211814048684,0.005846140616367105,1.0,0.44978116140362234,0.8563364518085297,0.957671045195192
R,R-n12-s2,0.0,1,warm start,1.0,0.20308064961586847,0.7886275323357446,0.03269982373261895,1.0,0.16015499157170224,0.7837221302532605,0.9976534749209253
R,R-n12-s2,0.0,1,standard,1.0,0.42955076009609316,0.6623176974297654,0.0038347116378453705,1.0,0.2844990703560493,0.8090968485767033,0.9476749599827201
R,R-n12-s2,0.0,2,warm start,1.0,0.5596067980263617,0.805858732523018,0.10492640158018787,1.0,0.45096402496878774,0.9678804997091236,0.99999904112026
R,R-n12-s2,0.0,2,standard,1.0,0.5489751388071755,0.6643817070358748,0.005157500367116499,1.0,0.36472903984096755,0.8355944629384727,0.9577000321077018
R,R-n12-s2,0.0,3,warm start,1.0,0.5315348709855026,0.8061997547394385,0.10149698388170869,1.0,0.4285232826239712,0.965093015663916,0.9999985944319086
R,R-n12-s2,0.0,3,standard,1.0,0.5717899113795772,0.6639699657979455,0.005359562575158433,1.0,0.37965132790230804,0.8389884148647171,0.9589482763593731
R,R-n12-s3,0.0,1,warm start,1.0,0.20466922105989513,0.7582447028170541,0.027243908588236464,1.0,0.15518935269835768,0.7567686213340071,0.994919314350535
R,R-n12-s3,0.0,1,standard,1.0,0.4345419432017589,0.5906919144662476,0.0029410515747358874,1.0,0.25668041234573025,0.7467593424275807,0.927031661577153
R,R-n12-s3,0.0,2,warm start,1.0,0.5705610795392189,0.7806534188659636,0.09382323208012301,1.0,0.44541045741414637,0.9526681987480523,0.9999968299009887
R,R-n12-s3,0.0,2,standard,1.0,0.5079167435248284,0.5952453182555005,0.003701175079681052,1.0,0.30233506364673346,0.7704577627458159,0.9381760205199924
R,R-n12-s3,0.0,3,warm start,1.0,0.6286895844592045,0.7964905026015955,0.12262920214335461,1.0,0.5007452831063,0.9685860153535999,0.9999998761261458
R,R-n12-s3,0.0,3,standard,1.0,0.5624809706322125,0.5957374368306917,0.0041287260626399,1.0,0.3350909717104738,0.7821538477464877,0.9432532746077299
R,R-n12-s4,0.0,1,warm start,1.0,0.5202520875228527,0.8779525176205177,0.11261571658556635,1.0,0.4567566300380186,0.9749442256440962,0.9999995683993926
R,R-n12-s4,0.0,1,standard,1.0,0.4387257155809263,0.7253475733099202,0.01114482829580237,1.0,0.3182286331452829,0.8646627927462203,0.9779328198822015
R,R-n12-s4,0.0,2,warm start,1.0,0.5158466206102296,0.8881872204897548,0.13222044073459038,1.0,0.4581683761588327,0.9798784396995219,0.9999999537778055
R,R-n12-s4,0.0,2,standard,1.0,0.4444440742323525,0.7254638074152377,0.011316214937813533,1.0,0.32242809027574165,0.8662004969706638,0.9783315979608054
R,R-n12-s4,0.0,3,warm start,1.0,0.6112282782329981,0.8918339260432684,0.16099666081044783,1.0,0.5451141150852019,0.9870624021581365,0.999999998413971
R,R-n12-s4,0.0,3,standard,1.0,0.631039442419713,0.7297076554791517,0.017082343274014606,1.0,0.46047431204295974,0.9005362121126467,0.9880784552896072
R,R-n12-s5,0.0,1,warm start,1.0,0.5160598998477006,0.8142795442014317,0.08432154941240441,1.0,0.42021702002862094,0.9537077248166126,0.9999885089899226
R,R-n12-s5,0.0,1,standard,1.0,0.43864686530379876,0.671062001923514,0.0037669060529789238,1.0,0.2943592435682411,0.8129288050280908,0.9427623819674432
R,R-n12-s5,0.0,2,warm start,1.0,0.6207304772111362,0.8251963155952354,0.11527450179799277,1.0,0.5122245027723018,0.9713509451882482,0.9999996310979068
R,R-n12-s5,0.0,2,standard,1.0,0.5866348820791354,0.6747809557093049,0.005348728259607988,1.0,0.39585004638177435,0.843464435235346,0.9535963647263882
R,R-n12-s5,0.0,3,warm start,1.0,0.645675760271937,0.8317066275224282,0.13278938715526212,1.0,0.5370128090487524,0.9771570855398424,0.9999999500523488
R,R-n12-s5,0.0,3,standard,1.0,0.6057905618411552,0.6748700310169627,0.0055179001771261385,1.0,0.4088298952595235,0.8461692290379531,0.9545385074394588
R,R-n12-s6,0.0,1,warm start,1.0,0.5075794022235234,0.7976902627113793,0.07709541344103717,1.0,0.4048911467065668,0.9434090899589084,0.99998028042437
R,R-n12-s6,0.0,1,standard,1.0,0.4222622514871709,0.6689025443995161,0.0019550412592734675,1.0,0.28245229442363684,0.7919509882294411,0.9191672153052294
R,R-n12-s6,0.0,2,warm start,1.0,0.5405769596668675,0.8080271411846266,0.0954069514156193,1.0,0.43680085530989604,0.9560961021155657,0.999997422283446
R,R-n12-s6,0.0,2,standard,1.0,0.5269680915882318,0.6711330781519247,0.002568667433716687,1.0,0.353665717395455,0.8149391041403101,0.92905587046026
R,R-n12-s6,0.0,3,warm start,1.0,0.6112665577489574,0.8186948167645601,0.12088927670573563,1.0,0.5004407624905861,0.969853612973673,0.999999857743211
R,R-n12-s6,0.0,3,standard,1.0,0.5207917819200094,0.6708470283128215,0.0025157205398723347,1.0,0.34937161927077676,0.8136295959700619,0.9281960527918852
R,R-n12-s7,0.0,1,warm start,1.0,0.2062994662187048,0.8600803256490755,0.0472679974560003,1.0,0.17743411208661408,0.8270477634211482,0.9993411211186358
R,R-n12-s7,0.0,1,standard,1.0,0.43851954143297284,0.767094421533402,0.018766491384076177,1.0,0.33638589396661905,0.887607443279808,0.9874652004757688
R,R-n12-s7,0.0,2,warm start,1.0,0.5667699713708658,0.8794912196612601,0.16047868838431342,1.0,0.4984692133883403,0.983445605538243,0.999999997891403
R,R-n12-s7,0.0,2,standard,1.0,0.5272677153282648,0.7675877763269187,0.023039092499749933,1.0,0.4047242531377974,0.904314267495011,0.9918988758779654
R,R-n12-s7,0.0,3,warm start,1.0,0.6490261799172148,0.8831478364456116,0.19542296994851419,1.0,0.5731860665904485,0.9897510093908276,0.9999999999699459
R,R-n12-s7,0.0,3,standard,1.0,0.605822831018223,0.770448369343745,0.02705853217189582,1.0,0.466755212269201,0.9153351396718468,0.9946359707029409
R,R-n12-s8,0.0,1,warm start,1.0,0.505668318630811,0.7911396540491435,0.08752959166657046,1.0,0.40005425866519184,0.948389680809294,0.9999933732341748
R,R-n12-s8,0.0,1,standard,1.0,0.4186812123457435,0.6523923148050881,0.0048795941393047874,1.0,0.2731444052876402,0.7987832060516056,0.9520929803886479
R,R-n12-s8,0.0,2,warm start,1.0,0.5624675864091759,0.8027447252570385,0.11052339381185669,1.0,0.4515178881180234,0.963701526949257,0.9999994861931716
R,R-n12-s8,0.0,2,standard,1.0,0.521512315942755,0.6592707954528301,0.0066799995526577215,1.0,0.34381783937002774,0.8293942240547422,0.9633886389284115
R,R-n12-s8,0.0,3,warm start,1.0,0.6395783484027424,0.8096195307446168,0.13220036678763597,1.0,0.5178151223082446,0.9744294423186596,0.9999999565223774
R,R-n12-s8,0.0,3,standard,1.0,0.568532807864445,0.6587258468054111,0.007242463010904949,1.0,0.37450725529716455,0.837468749727375,0.9661209466848207
R,R-n12-s9,0.0,1,warm start,1.0,0.5214571996770115,0.833521509672933,0.08386600582299275,1.0,0.4346457923046028,0.9589973239568824,0.9999887856424025
R,R-n12-s9,0.0,1,standard,1.0,0.4417420370415083,0.7199292315665787,0.0027935472539503924,1.0,0.3180230052779483,0.8450182374217402,0.9427761027899683
R,R-n12-s9,0.0,2,warm start,1.0,0.5677006951717878,0.8349847853498421,0.09280325833777393,1.0,0.4740214431009714,0.9647694382489035,0.9999957925325033
R,R-n12-s9,0.0,2,standard,1.0,0.48353651751745286,0.7205929765311522,0.003097959572364151,1.0,0.3484330184194091,0.853510277621241,0.945320249060382
R,R-n12-s9,0.0,3,warm start,1.0,0.6205478371692408,0.8485943068577193,0.12860151836206432,1.0,0.5265933617546881,0.9777714676291085,0.9999999249152189
R,R-n12-s9,0.0,3,standard,1.0,0.4114839765424637,0.720856219108845,0.0026278438585616896,0.9285714285714286,0.2966207835542729,0.8384295377571382,0.9411990733555793
H,H-n12-s175,0.3333333333333333,1,warm start,0.9545454545454546,0.1930806039750409,0.8060611292527632,0.010145740579464017,1.0,0.15563476967692524,0.766032036156952,0.9821813110868807
H,H-n12-s175,0.3333333333333333,1,standard,0.9545454545454546,0.43561349813056965,0.7126125372159733,0.0038363730494781756,1.0,0.3104236401483495,0.8446748915367001,0.9576115154856907
H,H-n12-s175,0.3333333333333333,2,warm start,0.9545454545454546,0.5090807519674956,0.8235921909687769,0.03259996504948539,1.0,0.4192749318929406,0.943016455540207,0.9983470507041052
H,H-n12-s175,0.3333333333333333,2,standard,0.9545454545454546,0.5034780853129752,0.7147353549060731,0.004566531685871912,1.0,0.35985358799359957,0.8600057012287373,0.9627123558796633
H,H-n12-s175,0.3333333333333333,3,warm start,0.9545454545454546,0.5625218595927501,0.8190715264657135,0.03418549494586173,1.0,0.4607456382069651,0.946257773205859,0.9985971541532597
H,H-n12-s175,0.3333333333333333,3,standard,0.9545454545454546,0.4758562297409393,0.7141176918338884,0.004283395819725465,1.0,0.33981735242737626,0.8544728062702833,0.9608279724811714
H,H-n12-s259,0.3333333333333333,1,warm start,0.9545454545454546,0.1925958196503456,0.802436527853677,0.010267217938945354,1.0,0.15454592079935547,0.7591464777793961,0.9808304350841764
H,H-n12-s259,0.3333333333333333,1,standard,0.9545454545454546,0.4358660638286605,0.7436550235070823,0.0028534947252119936,1.0,0.3241339879424418,0.8513405068758135,0.9552351885024489
H,H-n12-s259,0.3333333333333333,2,warm start,0.9545454545454546,0.6083035497315206,0.8154864436940904,0.04059047491648995,1.0,0.4960632984570488,0.9464355022915318,0.9992781924905313
H,H-n12-s259,0.3333333333333333,2,standard,0.9545454545454546,0.5331234932230244,0.7444702160960133,0.0036207519748602565,1.0,0.3968945622056056,0.8683064797247451,0.9613785817814561
H,H-n12-s259,0.3333333333333333,3,warm start,0.9545454545454546,0.5782320660518353,0.8170839058600956,0.039648863751002135,1.0,0.4724641150231866,0.9445474267424521,0.9992035766891585
H,H-n12-s259,0.3333333333333333,3,standard,0.9545454545454546,0.5695135668792999,0.7438939963710006,0.0036629387854892202,0.8181818181818182,0.4236577232533453,0.8716946029686226,0.9619979655987674
H,H-n12-s359,0.3333333333333333,1,warm start,0.9473684210526315,0.5210022167543346,0.8637534850495141,0.07225661428743702,1.0,0.4500174804400786,0.9631621488384707,0.9999708903636121
H,H-n12-s359,0.3333333333333333,1,standard,0.9473684210526315,0.44348836253621593,0.8014333662483838,0.008310353316164719,1.0,0.3554263712793824,0.8898702795670076,0.9764509071638188
H,H-n12-s359,0.3333333333333333,2,warm start,0.9473684210526315,0.5679060316601267,0.8645175070107961,0.07958252150953377,1.0,0.4909647067072069,0.9680294720565517,0.9999868255314939
H,H-n12-s359,0.3333333333333333,2,standard,0.9473684210526315,0.4954414392687153,0.8023044814176993,0.009432343544494608,1.0,0.39749488700532476,0.898559148333635,0.9792091145472992
H,H-n12-s359,0.3333333333333333,3,warm start,0.9473684210526315,0.6343698805290038,0.868461720076428,0.0954915491960264,1.0,0.550925957608897,0.9752469165452942,0.9999976958573253
H,H-n12-s359,0.3333333333333333,3,standard,0.9473684210526315,0.6191094512105909,0.8035863575543797,0.012084475864666816,1.0,0.497507908825809,0.9125666984766638,0.9843011670820748
H,H-n12-s644,0.3333333333333333,1,warm start,0.9565217391304348,0.520945996027623,0.7984464937749649,0.034787638260316125,1.0,0.4159475039743616,0.9372273091817198,0.9987277411484692
H,H-n12-s644,0.3333333333333333,1,standard,0.9565217391304348,0.4425259722457925,0.6975393513136424,0.002842587469429756,0.9565217391304348,0.30867927961976727,0.8417012420431101,0.9488916590474362
H,H-n12-s644,0.3333333333333333,2,warm start,0.9565217391304348,0.6340070883606218,0.8047123864824638,0.045487840116782266,1.0,0.5101933571214741,0.9520034333378474,0.9995856693784615
H,H-n12-s644,0.3333333333333333,2,standard,0.9565217391304348,0.5328198680036245,0.7021830460089945,0.0035756735874950697,0.9130434782608695,0.37413707788889444,0.8609387425313797,0.9556560030237067
H,H-n12-s644,0.3333333333333333,3,warm start,0.9565217391304348,0.6484222787123803,0.8075244142484385,0.04852339392450127,1.0,0.5236168208028523,0.9547582329006156,0.9996988982346788
H,H-n12-s644,0.3333333333333333,3,standard,0.9565217391304348,0.5311247224488597,0.7005865631626251,0.003535683158187614,1.0,0.3720988439111497,0.8599639610384466,0.9554042642174766
H,H-n12-s1302,0.5,1,warm start,0.9473684210526315,0.5065626934570376,0.8245878655794884,0.01869873480335829,1.0,0.4177054501799353,0.9266336686002906,0.9920225231059565
H,H-n12-s1302,0.5,1,standard,0.9473684210526315,0.42294763405168107,0.7639637134328339,0.0037992105480552157,1.0,0.32311664509775284,0.8652510246658345,0.9594635842062672
H,H-n12-s1302,0.5,2,warm start,0.9473684210526315,0.5294080748610147,0.8286472304901382,0.02084458902149481,1.0,0.43869253503269473,0.9316932300456059,0.99359412469843
H,H-n12-s1302,0.5,2,standard,0.9473684210526315,0.5574530884482103,0.7673277972217918,0.005317003055930404,1.0,0.42774925041344986,0.8884527855098572,0.9673711026133043
H,H-n12-s1302,0.5,3,warm start,0.9473684210526315,0.5142521613001285,0.8308882715492231,0.020743843616280875,1.0,0.42728608944311597,0.9310809766684931,0.9935277000869909
H,H-n12-s1302,0.5,3,standard,0.9473684210526315,0.5679838997601617,0.7674444939081111,0.005433673568262179,1.0,0.43589611649939236,0.8896831160052675,0.9678577323083084
H,H-n12-s1446,0.3333333333333333,1,warm start,0.9583333333333334,0.19405904019020126,0.8000156569335304,0.013311499364445962,1.0,0.15525027052165435,0.7655765881282057,0.9871705919842886
H,H-n12-s1446,0.3333333333333333,1,standard,0.9583333333333334,0.4397513738228097,0.7178830960010577,0.003801274791114858,1.0,0.31569007771063706,0.8469096692873974,0.9569334384843098
H,H-n12-s1446,0.3333333333333333,2,warm start,0.9583333333333334,0.539282759308127,0.8150727295834796,0.04525154258356629,1.0,0.43955467064658466,0.9485201194305098,0.9995932065295897
H,H-n12-s1446,0.3333333333333333,2,standard,0.9583333333333334,0.5297279482773922,0.7199501128106983,0.004750847968830513,0.9583333333333334,0.38137769612128736,0.8652801692783976,0.9634577414810019
H,H-n12-s1446,0.3333333333333333,3,warm start,0.9583333333333334,0.6233383884158554,0.822461550956788,0.058402217343461876,1.0,0.5126718577074092,0.9613992017351063,0.9998985085873952
H,H-n12-s1446,0.3333333333333333,3,standard,0.9583333333333334,0.5504530838046175,0.7195048355732755,0.004903363406183191,1.0,0.39605365555364364,0.8681044979673089,0.9643908252985602
H,H-n12-s2405,0.3333333333333333,1,warm start,0.9473684210526315,0.5199963163565642,0.8313789920731429,0.03313955537052622,1.0,0.43231401337426756,0.9421462219577279,0.9981901009997123
H,H-n12-s2405,0.3333333333333333,1,standard,0.9473684210526315,0.43698571141027553,0.7673233034085872,0.003742026634373461,0.9473684210526315,0.33530931962168353,0.8779388786483243,0.962614087962586
H,H-n12-s2405,0.3333333333333333,2,warm start,0.9473684210526315,0.5427687310107026,0.83212743970659,0.03488441468058996,1.0,0.4516527544887289,0.9449264591898732,0.9984892379584246
H,H-n12-s2405,0.3333333333333333,2,standard,0.9473684210526315,0.5674392568197952,0.7692243334260362,0.005027694517457498,1.0,0.43648808408697237,0.8989195801934661,0.9678667364502197
H,H-n12-s2405,0.3333333333333333,3,warm start,0.9473684210526315,0.6360638357794293,0.8422534515547525,0.048984021797404395,1.0,0.5357269610943795,0.958436146875645,0.999653240587239
H,H-n12-s2405,0.3333333333333333,3,standard,0.9473684210526315,0.6060462081128004,0.7699317913136519,0.0054109984813577195,1.0,0.46661424263113466,0.9032701963446972,0.969178292371304
H,H-n12-s2865,0.3333333333333333,1,warm start,0.9565217391304348,0.5231069374488828,0.8350806985545975,0.06623708129686687,1.0,0.4368365067435692,0.9603893836855173,0.9999540630019408
H,H-n12-s2865,0.3333333333333333,1,standard,0.9565217391304348,0.44030127068027025,0.7412632267148926,0.016730552673717182,1.0,0.3263791406311244,0.881614525487297,0.9906157861603605
H,H-n12-s2865,0.3333333333333333,2,warm start,0.9565217391304348,0.5536234292175672,0.8421846901361876,0.07507715958429104,1.0,0.46625317618773,0.9667441729555085,0.9999822622621303
H,H-n12-s2865,0.3333333333333333,2,standard,0.9565217391304348,0.45422808343995213,0.7406159171587905,0.017157234573635445,1.0,0.3364085486161598,0.8845103597047402,0.9910787588581613
H,H-n12-s2865,0.3333333333333333,3,warm start,0.9565217391304348,0.6206468802157524,0.846474350806732,0.0884425453719632,1.0,0.5253616650108521,0.9740235645746325,0.9999958629357065
H,H-n12-s2865,0.3333333333333333,3,standard,0.9565217391304348,0.6718685833387315,0.7430905765005514,0.025843269615919186,0.9565217391304348,0.4992592129257868,0.9178683413295349,0.9966457199206582
H,H-n12-s3012,0.3333333333333333,1,warm start,0.9545454545454546,0.5147113876044124,0.836827721172216,0.029784309067020585,1.0,0.43072475755038875,0.9423849624448525,0.9977894420956429
H,H-n12-s3012,0.3333333333333333,1,standard,0.9545454545454546,0.4276600803182061,0.6914262167271685,0.001894158148673772,0.9545454545454546,0.29569539137965356,0.8354840524744545,0.9477214843998713
H,H-n12-s3012,0.3333333333333333,2,warm start,0.9545454545454546,0.5285628342135638,0.839544243924281,0.031929934414115964,1.0,0.44375188501630136,0.9453824471885278,0.9982286117024883
H,H-n12-s3012,0.3333333333333333,2,standard,0.9545454545454546,0.42523588646320165,0.6915703980061878,0.0018844769726858372,0.9545454545454546,0.29408055124787036,0.8349366776342021,0.9475930239985371
H,H-n12-s3012,0.3333333333333333,3,warm start,0.9545454545454546,0.5230718749917851,0.840884497792821,0.03257877208695716,1.0,0.4398430309120164,0.9457619885115954,0.998343502315983
H,H-n12-s3012,0.3333333333333333,3,standard,0.9545454545454546,0.5181926088469537,0.6839302920246663,0.0020478799255289316,0.6818181818181818,0.3544076222937205,0.8498061670107968,0.9503544517928394
H,H-n12-s3092,0.3333333333333333,1,warm start,0.8095238095238095,0.508797674766122,0.7926996483494967,0.033967076926812376,1.0,0.4033237378681461,0.9401953224988047,0.9984968518044213
H,H-n12-s3092,0.3333333333333333,1,standard,0.8095238095238095,0.42485547450935435,0.7025657531063257,0.003887257160821972,1.0,0.29848890641000986,0.8533836333108766,0.9644540875702011
H,H-n12-s3092,0.3333333333333333,2,warm start,0.8095238095238095,0.5219738428114735,0.7934124029133673,0.035030700893496594,1.0,0.4141405208829755,0.9423652010449982,0.9986536718843696
H,H-n12-s3092,0.3333333333333333,2,standard,0.8095238095238095,0.5610761123777785,0.7095818257677626,0.005484758232749507,1.0,0.39812941221570225,0.8861882096725842,0.9714617802512382
H,H-n12-s3092,0.3333333333333333,3,warm start,0.8095238095238095,0.5754218755498189,0.8112142586616875,0.048898601004432704,1.0,0.4667904301918643,0.9574383249682575,0.9996834344953535
H,H-n12-s3092,0.3333333333333333,3,standard,0.8095238095238095,0.595000865610676,0.7102455928311767,0.005892821374411752,1.0,0.4225967425307176,0.8914237935809649,0.9728157142016884
H,H-n12-s3654,0.6666666666666666,1,warm start,0.8,0.5130464856588124,0.7781384726350972,0.00611515304238382,1.0,0.39922120874135264,0.9018564039887718,0.9728651712599948
H,H-n12-s3654,0.6666666666666666,1,standard,0.8,0.42631124259930453,0.7393908121856408,0.003870898374646684,1.0,0.31521061590936933,0.8584071054118174,0.9645212864102374
H,H-n12-s3654,0.6666666666666666,2,warm start,0.8,0.5481742127454681,0.779959683664692,0.006731674397312266,1.0,0.42755378556609597,0.9076366186674737,0.9745224796133185
H,H-n12-s3654,0.6666666666666666,2,standard,0.8,0.591316471023361,0.7427317817454999,0.005744393862939311,1.0,0.43918953609864186,0.8896454340804536,0.9716115610151798
H,H-n12-s3654,0.6666666666666666,3,warm start,0.8,0.624435890402,0.7861186613172089,0.00815548258895598,1.0,0.4908807062412394,0.918845285867509,0.9779481674746844
H,H-n12-s3654,0.6666666666666666,3,standard,0.8,0.5843895840901178,0.7434719571075695,0.005748046265964561,1.0,0.4344772677967585,0.8893001434222432,0.9716162085580259
H,H-n12-s3681,0.3333333333333333,1,warm start,0.9473684210526315,0.5210982730970755,0.8192739104073761,0.025023685980282213,0.9473684210526315,0.42692221990677187,0.9391598893447844,0.9958250271074192
H,H-n12-s3681,0.3333333333333333,1,standard,0.9473684210526315,0.44213356052510544,0.6985645282603515,0.0028117666781334615,1.0,0.3088588221362896,0.8157607613304063,0.9506014525331345
H,H-n12-s3681,0.3333333333333333,2,warm start,0.9473684210526315,0.556592645832699,0.8217032480311146,0.027566661266589663,1.0,0.4573539849109606,0.9442792071299558,0.9967846329888403
H,H-n12-s3681,0.3333333333333333,2,standard,0.9473684210526315,0.5222762630005927,0.7002539027958327,0.003485263580468665,0.9473684210526315,0.36572599150378776,0.8334787470608818,0.9569138008802212
H,H-n12-s3681,0.3333333333333333,3,warm start,0.9473684210526315,0.5899135995041893,0.8317686995876498,0.03320717404021151,1.0,0.4906716675286691,0.9522242981279669,0.998202833501213
H,H-n12-s3681,0.3333333333333333,3,standard,0.9473684210526315,0.5601736605854043,0.6964469246013263,0.0033668309080356236,0.6842105263157895,0.39013122315737203,0.8347744639868558,0.9562926789817453
