ansatz,restart,optimizer,final_cost,nfev
RealAmplitudes,0,COBYLA,-239.710577575043,150
RealAmplitudes,0,NFT,-267.55385026417184,152
RealAmplitudes,1,COBYLA,-246.86383173940268,150
RealAmplitudes,1,NFT,-264.6913036300802,152
RealAmplitudes,2,COBYLA,-241.64611926947865,150
RealAmplitudes,2,NFT,-263.22932138379974,152
RealAmplitudes,3,COBYLA,-249.11566242241105,150
RealAmplitudes,3,NFT,-266.5278867600074,152
RealAmplitudes,4,COBYLA,-255.3521677954424,150
RealAmplitudes,4,NFT,-267.5303925807849,152
RealAmplitudes,5,COBYLA,-252.2202922388533,150
RealAmplitudes,5,NFT,-262.47719985505563,152
RealAmplitudes,6,COBYLA,-250.65022186222356,150
RealAmplitudes,6,NFT,-271.0764730232757,152
RealAmplitudes,7,COBYLA,-239.1003554575455,150
RealAmplitudes,7,NFT,-260.13384820594496,152
RealAmplitudes,8,COBYLA,-246.77920941620658,150
RealAmplitudes,8,NFT,-265.78401557721173,152
RealAmplitudes,9,COBYLA,-254.9337150169674,150
RealAmplitudes,9,NFT,-269.8424301281873,152
EfficientSU2,0,COBYLA,-219.00991073737828,150
EfficientSU2,0,NFT,-226.99438120611904,152
EfficientSU2,1,COBYLA,-225.17910890937807,150
EfficientSU2,1,NFT,-247.64067484162746,152
EfficientSU2,2,COBYLA,-231.4597459408657,150
EfficientSU2,2,NFT,-240.41454924697047,152
EfficientSU2,3,COBYLA,-219.9853362440571,150
EfficientSU2,3,NFT,-230.9282901830232,152
EfficientSU2,4,COBYLA,-216.782299412226,150
EfficientSU2,4,NFT,-236.91952410247552,152
EfficientSU2,5,COBYLA,-227.9040391657059,150
EfficientSU2,5,NFT,-231.99426592112428,152
EfficientSU2,6,COBYLA,-216.06312811009926,150
EfficientSU2,6,NFT,-236.2608215615504,152
EfficientSU2,7,COBYLA,-215.239538973352,150
EfficientSU2,7,NFT,-240.125759355559,152
EfficientSU2,8,COBYLA,-212.66374787839905,150
EfficientSU2,8,NFT,-236.89638836396978,152
EfficientSU2,9,COBYLA,-216.80840693522,150
EfficientSU2,9,NFT,-231.0059132374007,152
