instance,learned,fixed,best_of_3_random,random_subset
0,0.6363188768268211,0.6362920605590711,0.6362600524195002,0.6355555555555555
1,0.6416152608426635,0.6416026674070997,0.6418667104473528,0.6407605466428996
2,0.6673129422770169,0.6673156571336893,0.6673143130294251,0.6668109668109669
3,0.6607020446045188,0.6606772196930174,0.6606996923132517,0.6599747474747475
4,0.6516620181412127,0.6517064268679822,0.6516157572173067,0.6509090909090909
5,0.6367324213588105,0.6367066427151288,0.6367179163824234,0.6360446570972886
6,0.6172673490508145,0.6172381001097811,0.6175821993199846,0.6155555555555556
7,0.6540922963615522,0.654066835842599,0.6542643099498003,0.6532467532467532
8,0.6140271565894537,0.614025998840921,0.6140279167960789,0.6130781499202552
9,0.6816767159961828,0.6816830002278705,0.681595365012494,0.6810774410774411
10,0.623881646944914,0.6238911622768728,0.6241144932799654,0.6230540701128937
11,0.6480228983560979,0.6480187563785305,0.6480518065648729,0.6472727272727272
12,0.729900983968498,0.7298819592469887,0.7297912175357109,0.7292929292929293
13,0.6703297245592771,0.6703839014217956,0.6706088152048617,0.6695526695526696
14,0.6958548994452702,0.6958134592244286,0.6958190409345038,0.6951621477937268
15,0.7579760448050752,0.757967772249408,0.7580697571325724,0.7572649572649574
16,0.5427917937413947,0.5427485651164118,0.5431398863700639,0.5412587412587413
17,0.5851683006448025,0.5851290391555279,0.5853280607260134,0.5837121212121212
18,0.6433835431667229,0.6433743651758085,0.6439466245159063,0.6426936026936028
19,0.7053440147154888,0.7053477891097482,0.7053596251184219,0.7047979797979798
20,0.6896664438172766,0.6896630469444317,0.6899211038548162,0.6888888888888889
21,0.6574190400791597,0.6574133778158467,0.6575848659955336,0.6568181818181819
22,0.6353793551349741,0.635384727023644,0.6353265102385389,0.6346801346801346
23,0.6362053375973201,0.636180426388809,0.6364728680508469,0.6354208754208754
24,0.5560605156890224,0.5560147426918993,0.5564215339816598,0.5547237076648841
25,0.6859796462710359,0.6859519607827765,0.685926528717381,0.6852813852813853
26,0.6082666166908793,0.6083117299781022,0.6082719561643462,0.6070707070707071
27,0.6392905481725057,0.6392905564985899,0.6392343796115758,0.6383838383838384
28,0.6956920076584142,0.6956749029771098,0.6956176455273185,0.6948372615039281
29,0.6216901154539581,0.6216913462600443,0.6216216214785797,0.6208333333333333
