family,n,k,instance,opt,greedy,lp_topk,lp_rand_round,sim_annealing,proxy_exact,random_mean,lp_fractional,lp_bound_over_opt
R,8,3,R-n8-s0,14,1.0,1.0,1.0,1.0,1.0,0.6581632653061223,0.0,1.0
R,8,3,R-n8-s1,13,1.0,1.0,1.0,1.0,1.0,0.6016483516483516,0.0,1.0
R,8,3,R-n8-s2,10,1.0,1.0,1.0,1.0,1.0,0.6392857142857143,0.0,1.0
R,8,3,R-n8-s3,12,1.0,1.0,1.0,1.0,1.0,0.6324404761904762,0.0,1.0
R,8,3,R-n8-s4,13,1.0,1.0,1.0,1.0,1.0,0.5728021978021978,0.0,1.0
R,8,3,R-n8-s5,15,0.9333333333333333,1.0,1.0,1.0,1.0,0.736904761904762,0.0,1.0
R,8,3,R-n8-s6,11,1.0,1.0,1.0,1.0,1.0,0.7402597402597402,0.0,1.0
R,8,3,R-n8-s7,13,1.0,1.0,1.0,1.0,1.0,0.4945054945054945,0.0,1.0
R,8,3,R-n8-s8,10,1.0,1.0,1.0,1.0,1.0,0.6267857142857143,0.0,1.0
R,8,3,R-n8-s9,12,1.0,1.0,1.0,1.0,1.0,0.6830357142857143,0.0,1.0
R,8,3,R-n8-s10,10,1.0,1.0,1.0,1.0,1.0,0.6107142857142857,0.0,1.0
R,8,3,R-n8-s11,13,1.0,1.0,1.0,1.0,1.0,0.6524725274725275,0.0,1.0
R,8,3,R-n8-s12,14,1.0,1.0,1.0,1.0,1.0,0.5637755102040817,0.0,1.0
R,8,3,R-n8-s13,14,1.0,1.0,1.0,1.0,1.0,0.6160714285714286,0.0,1.0
R,8,3,R-n8-s14,14,1.0,1.0,1.0,1.0,1.0,0.6135204081632653,0.0,1.0
R,8,3,R-n8-s15,12,1.0,1.0,1.0,1.0,1.0,0.7261904761904762,0.0,1.0
R,8,3,R-n8-s16,16,1.0,1.0,1.0,1.0,1.0,0.6194196428571429,0.0,1.0
R,8,3,R-n8-s17,11,1.0,1.0,1.0,1.0,1.0,0.6915584415584415,0.0,1.0
R,8,3,R-n8-s18,15,1.0,1.0,1.0,1.0,1.0,0.6845238095238095,0.0,1.0
R,8,3,R-n8-s19,14,1.0,1.0,1.0,1.0,1.0,0.5395408163265306,0.0,1.0
R,10,3,R-n10-s0,13,1.0,1.0,1.0,1.0,1.0,0.7128205128205128,0.0,1.0
R,10,3,R-n10-s1,10,1.0,1.0,1.0,1.0,1.0,0.7191666666666666,0.0,1.0
R,10,3,R-n10-s2,14,1.0,1.0,1.0,1.0,1.0,0.5029761904761905,0.0,1.0
R,10,3,R-n10-s3,15,1.0,1.0,1.0,1.0,1.0,0.5950000000000001,0.0,1.0
R,10,3,R-n10-s4,15,1.0,1.0,1.0,1.0,1.0,0.6461111111111111,0.0,1.0
R,10,3,R-n10-s5,11,1.0,1.0,1.0,1.0,1.0,0.6765151515151515,0.0,1.0
R,10,3,R-n10-s6,15,1.0,1.0,1.0,1.0,1.0,0.5533333333333333,0.0,1.0
R,10,3,R-n10-s7,14,1.0,1.0,1.0,1.0,1.0,0.5928571428571429,0.0,1.0
R,10,3,R-n10-s8,16,1.0,1.0,1.0,1.0,1.0,0.6703125,0.0,1.0
R,10,3,R-n10-s9,12,1.0,1.0,1.0,1.0,1.0,0.7131944444444445,0.0,1.0
R,10,3,R-n10-s10,10,1.0,1.0,1.0,1.0,1.0,0.67,0.0,1.0
R,10,3,R-n10-s11,15,0.9333333333333333,1.0,1.0,1.0,1.0,0.6233333333333333,0.0,1.0
R,10,3,R-n10-s12,12,1.0,1.0,1.0,1.0,1.0,0.6972222222222223,0.0,1.0
R,10,3,R-n10-s13,11,1.0,1.0,1.0,1.0,1.0,0.6325757575757576,0.0,1.0
R,10,3,R-n10-s14,13,1.0,1.0,1.0,1.0,1.0,0.6166666666666667,0.0,1.0
R,10,3,R-n10-s15,11,1.0,1.0,1.0,1.0,1.0,0.6909090909090909,0.0,1.0
R,10,3,R-n10-s16,12,1.0,1.0,1.0,1.0,1.0,0.5993055555555555,0.0,1.0
R,10,3,R-n10-s17,14,1.0,1.0,1.0,1.0,1.0,0.6077380952380952,0.0,1.0
R,10,3,R-n10-s18,14,1.0,1.0,1.0,1.0,1.0,0.3886904761904762,0.0,1.0
R,10,3,R-n10-s19,12,1.0,1.0,1.0,1.0,1.0,0.6166666666666667,0.0,1.0
R,12,4,R-n12-s0,13,1.0,1.0,1.0,1.0,1.0,0.6349650349650349,0.0,1.0
R,12,4,R-n12-s1,14,1.0,1.0,1.0,1.0,1.0,0.6997113997113997,0.0,1.0
R,12,4,R-n12-s2,16,1.0,1.0,1.0,1.0,1.0,0.654419191919192,0.0,1.0
R,12,4,R-n12-s3,17,1.0,1.0,1.0,1.0,1.0,0.5839572192513369,0.0,1.0
R,12,4,R-n12-s4,15,1.0,1.0,1.0,1.0,1.0,0.7214814814814815,0.0,1.0
R,12,4,R-n12-s5,13,1.0,1.0,1.0,1.0,1.0,0.6666666666666666,0.0,1.0
R,12,4,R-n12-s6,19,1.0,1.0,1.0,1.0,1.0,0.6615629984051037,0.0,1.0
R,12,4,R-n12-s7,12,1.0,1.0,1.0,1.0,1.0,0.7621212121212121,0.0,1.0
R,12,4,R-n12-s8,16,1.0,1.0,1.0,1.0,1.0,0.6422979797979798,0.0,1.0
R,12,4,R-n12-s9,14,0.9285714285714286,1.0,1.0,1.0,1.0,0.7171717171717171,0.0,1.0
R,12,4,R-n12-s10,15,1.0,1.0,1.0,1.0,1.0,0.6922558922558922,0.0,1.0
R,12,4,R-n12-s11,18,1.0,1.0,1.0,1.0,1.0,0.6296296296296297,0.0,1.0
R,12,4,R-n12-s12,17,1.0,1.0,1.0,1.0,1.0,0.710754604872252,0.0,1.0
R,12,4,R-n12-s13,17,1.0,1.0,1.0,1.0,1.0,0.594058229352347,0.0,1.0
R,12,4,R-n12-s14,13,1.0,1.0,1.0,1.0,1.0,0.708003108003108,0.0,1.0
R,12,4,R-n12-s15,16,1.0,1.0,1.0,1.0,1.0,0.509090909090909,0.0,1.0
R,12,4,R-n12-s16,16,1.0,1.0,1.0,1.0,1.0,0.5796717171717172,0.0,1.0
R,12,4,R-n12-s17,16,1.0,1.0,1.0,1.0,1.0,0.6107323232323232,0.0,1.0
R,12,4,R-n12-s18,14,1.0,1.0,1.0,1.0,1.0,0.6445887445887445,0.0,1.0
R,12,4,R-n12-s19,15,1.0,1.0,1.0,1.0,1.0,0.6276094276094276,0.0,1.0
R,14,5,R-n14-s0,21,1.0,1.0,1.0,1.0,1.0,0.6883830455259027,0.0,1.0
R,14,5,R-n14-s1,15,1.0,1.0,1.0,1.0,1.0,0.6501831501831502,0.0,1.0
R,14,5,R-n14-s2,21,1.0,1.0,1.0,1.0,1.0,0.6963274820417678,0.0,1.0
R,14,5,R-n14-s3,18,1.0,1.0,1.0,1.0,1.0,0.6605894105894107,0.0,1.0
R,14,5,R-n14-s4,20,1.0,1.0,1.0,1.0,1.0,0.6881868131868132,0.0,1.0
R,14,5,R-n14-s5,21,1.0,1.0,1.0,1.0,1.0,0.6981114123971267,0.0,1.0
R,14,5,R-n14-s6,17,1.0,1.0,1.0,1.0,1.0,0.6985661397426104,0.0,1.0
R,14,5,R-n14-s7,21,1.0,1.0,1.0,1.0,1.0,0.6206888349745492,0.0,1.0
R,14,5,R-n14-s8,19,1.0,1.0,1.0,1.0,1.0,0.598349019401651,0.0,1.0
R,14,5,R-n14-s9,17,1.0,1.0,1.0,1.0,1.0,0.6385085502732561,0.0,1.0
R,14,5,R-n14-s10,16,1.0,1.0,1.0,1.0,1.0,0.6237512487512488,0.0,1.0
R,14,5,R-n14-s11,18,1.0,1.0,1.0,1.0,1.0,0.6689144189144189,0.0,1.0
H,12,4,H-n12-s175,22,0.9545454545454546,0.9545454545454546,1.0,1.0,1.0,0.7067952249770432,0.3333333333333333,1.0
H,12,4,H-n12-s259,22,0.9545454545454546,0.9545454545454546,1.0,1.0,1.0,0.7396694214876033,0.3333333333333333,1.0
H,12,4,H-n12-s359,19,0.9473684210526315,0.9473684210526315,1.0,1.0,1.0,0.7997873471557683,0.3333333333333333,1.0263157894736843
H,12,4,H-n12-s644,23,0.9130434782608695,0.9565217391304348,1.0,1.0,1.0,0.6926657883179622,0.3333333333333333,1.0
H,12,4,H-n12-s1302,19,0.9473684210526315,0.9473684210526315,1.0,1.0,1.0,0.7578947368421053,0.5,1.0
H,12,4,H-n12-s1446,24,0.9583333333333334,0.9583333333333334,1.0,1.0,1.0,0.7136363636363637,0.3333333333333333,1.0
H,12,4,H-n12-s2405,19,0.9473684210526315,0.9473684210526315,1.0,1.0,1.0,0.7634237107921319,0.3333333333333333,1.0
H,12,4,H-n12-s2865,23,0.9130434782608695,0.9565217391304348,1.0,1.0,1.0,0.736846728151076,0.3333333333333333,1.0
H,12,4,H-n12-s3012,22,0.9545454545454546,0.9545454545454546,1.0,1.0,1.0,0.6835629017447199,0.3333333333333333,1.0
H,12,4,H-n12-s3092,21,0.9523809523809523,0.8095238095238095,1.0,1.0,1.0,0.6922558922558922,0.3333333333333333,1.0
H,12,4,H-n12-s3654,20,0.95,0.8,0.95,1.0,1.0,0.733030303030303,0.6666666666666666,1.0
H,12,4,H-n12-s3681,19,0.9473684210526315,0.9473684210526315,1.0,1.0,1.0,0.6962254120148857,0.3333333333333333,1.0
