n,p,ansatz,opt_level,seed,two_qubit_gates,depth,two_qubit_depth
8,1,penalty,1,0,119,238,73
8,1,penalty,1,1,122,233,69
8,1,penalty,1,2,122,271,82
8,1,penalty,1,3,125,227,69
8,1,penalty,1,4,125,213,63
8,1,penalty,3,0,87,182,57
8,1,penalty,3,1,105,217,73
8,1,penalty,3,2,101,198,63
8,1,penalty,3,3,92,170,54
8,1,penalty,3,4,104,204,69
8,1,native,1,0,53,130,35
8,1,native,1,1,53,140,39
8,1,native,1,2,53,124,32
8,1,native,1,3,50,125,33
8,1,native,1,4,53,145,40
8,1,native,3,0,48,111,34
8,1,native,3,1,51,125,37
8,1,native,3,2,48,111,34
8,1,native,3,3,48,111,34
8,1,native,3,4,48,108,31
8,2,penalty,1,0,244,427,130
8,2,penalty,1,1,247,429,128
8,2,penalty,1,2,247,448,133
8,2,penalty,1,3,256,467,146
8,2,penalty,1,4,253,468,144
8,2,penalty,3,0,212,393,124
8,2,penalty,3,1,208,363,117
8,2,penalty,3,2,219,408,133
8,2,penalty,3,3,214,372,121
8,2,penalty,3,4,209,365,116
8,2,native,1,0,112,273,76
8,2,native,1,1,112,286,82
8,2,native,1,2,112,256,68
8,2,native,1,3,112,256,68
8,2,native,1,4,112,256,68
8,2,native,3,0,100,236,65
8,2,native,3,1,100,236,65
8,2,native,3,2,104,249,74
8,2,native,3,3,104,249,74
8,2,native,3,4,100,236,65
8,3,penalty,1,0,378,690,210
8,3,penalty,1,1,375,617,186
8,3,penalty,1,2,390,756,230
8,3,penalty,1,3,372,645,199
8,3,penalty,1,4,378,662,199
8,3,penalty,3,0,313,560,185
8,3,penalty,3,1,331,554,180
8,3,penalty,3,2,340,587,192
8,3,penalty,3,3,296,536,173
8,3,penalty,3,4,314,515,169
8,3,native,1,0,177,393,106
8,3,native,1,1,180,424,120
8,3,native,1,2,180,409,118
8,3,native,1,3,183,428,120
8,3,native,1,4,177,393,106
8,3,native,3,0,157,337,90
8,3,native,3,1,161,371,105
8,3,native,3,2,157,337,90
8,3,native,3,3,157,337,90
8,3,native,3,4,161,364,102
10,1,penalty,1,0,210,315,99
10,1,penalty,1,1,204,351,107
10,1,penalty,1,2,210,324,101
10,1,penalty,1,3,213,342,109
10,1,penalty,1,4,210,285,87
10,1,penalty,3,0,174,274,93
10,1,penalty,3,1,156,281,91
10,1,penalty,3,2,165,273,91
10,1,penalty,3,3,140,234,77
10,1,penalty,3,4,183,298,97
10,1,native,1,0,137,255,78
10,1,native,1,1,131,251,78
10,1,native,1,2,137,269,89
10,1,native,1,3,125,245,76
10,1,native,1,4,137,241,76
10,1,native,3,0,116,221,75
10,1,native,3,1,102,201,66
10,1,native,3,2,112,220,71
10,1,native,3,3,109,208,67
10,1,native,3,4,116,208,64
10,2,penalty,1,0,432,606,187
10,2,penalty,1,1,420,613,193
10,2,penalty,1,2,417,597,191
10,2,penalty,1,3,438,511,153
10,2,penalty,1,4,411,624,190
10,2,penalty,3,0,316,445,138
10,2,penalty,3,1,355,543,176
10,2,penalty,3,2,344,505,165
10,2,penalty,3,3,295,385,124
10,2,penalty,3,4,318,458,149
10,2,native,1,0,304,584,196
10,2,native,1,1,295,523,164
10,2,native,1,2,298,561,184
10,2,native,1,3,274,513,160
10,2,native,1,4,298,536,172
10,2,native,3,0,269,493,165
10,2,native,3,1,255,497,167
10,2,native,3,2,263,466,159
10,2,native,3,3,266,490,160
10,2,native,3,4,261,470,156
10,3,penalty,1,0,639,858,262
10,3,penalty,1,1,651,921,284
10,3,penalty,1,2,600,824,259
10,3,penalty,1,3,663,745,230
10,3,penalty,1,4,618,954,294
10,3,penalty,3,0,488,655,210
10,3,penalty,3,1,540,826,275
10,3,penalty,3,2,526,717,245
10,3,penalty,3,3,434,538,177
10,3,penalty,3,4,539,826,273
10,3,native,1,0,480,894,291
10,3,native,1,1,456,840,264
10,3,native,1,2,468,871,283
10,3,native,1,3,444,904,296
10,3,native,1,4,471,859,275
10,3,native,3,0,393,697,223
10,3,native,3,1,416,730,241
10,3,native,3,2,393,685,227
10,3,native,3,3,379,733,235
10,3,native,3,4,415,770,259
12,1,penalty,1,0,315,420,134
12,1,penalty,1,1,291,398,123
12,1,penalty,1,2,312,441,143
12,1,penalty,1,3,318,481,152
12,1,penalty,1,4,315,424,135
12,1,penalty,3,0,223,338,110
12,1,penalty,3,1,228,313,98
12,1,penalty,3,2,242,364,124
12,1,penalty,3,3,234,342,117
12,1,penalty,3,4,240,317,105
12,1,native,1,0,132,261,83
12,1,native,1,1,132,258,83
12,1,native,1,2,144,243,78
12,1,native,1,3,141,239,78
12,1,native,1,4,135,252,79
12,1,native,3,0,108,223,75
12,1,native,3,1,124,248,87
12,1,native,3,2,108,199,64
12,1,native,3,3,118,218,71
12,1,native,3,4,121,244,87
12,2,penalty,1,0,630,854,270
12,2,penalty,1,1,621,768,243
12,2,penalty,1,2,636,739,234
12,2,penalty,1,3,624,788,242
12,2,penalty,1,4,615,617,195
12,2,penalty,3,0,519,650,210
12,2,penalty,3,1,483,578,189
12,2,penalty,3,2,538,761,255
12,2,penalty,3,3,459,533,169
12,2,penalty,3,4,433,465,151
12,2,native,1,0,285,512,162
12,2,native,1,1,270,462,144
12,2,native,1,2,303,557,187
12,2,native,1,3,306,527,169
12,2,native,1,4,288,529,175
12,2,native,3,0,267,440,146
12,2,native,3,1,253,456,150
12,2,native,3,2,260,418,136
12,2,native,3,3,238,417,136
12,2,native,3,4,253,421,135
12,3,penalty,1,0,975,1098,353
12,3,penalty,1,1,975,927,287
12,3,penalty,1,2,939,1049,339
12,3,penalty,1,3,936,1079,341
12,3,penalty,1,4,915,1314,412
12,3,penalty,3,0,757,917,308
12,3,penalty,3,1,718,726,236
12,3,penalty,3,2,755,893,301
12,3,penalty,3,3,821,1103,381
12,3,penalty,3,4,779,985,339
12,3,native,1,0,459,814,262
12,3,native,1,1,408,708,217
12,3,native,1,2,474,778,251
12,3,native,1,3,480,887,286
12,3,native,1,4,450,706,216
12,3,native,3,0,365,608,194
12,3,native,3,1,412,723,251
12,3,native,3,2,407,698,231
12,3,native,3,3,397,704,238
12,3,native,3,4,397,667,217
14,1,penalty,1,0,401,540,172
14,1,penalty,1,1,443,448,139
14,1,penalty,1,2,443,503,157
14,1,penalty,1,3,443,460,143
14,1,penalty,1,4,416,577,184
14,1,penalty,3,0,327,435,151
14,1,penalty,3,1,323,374,124
14,1,penalty,3,2,324,453,151
14,1,penalty,3,3,304,418,139
14,1,penalty,3,4,299,364,119
14,1,native,1,0,202,321,99
14,1,native,1,1,193,293,93
14,1,native,1,2,214,350,115
14,1,native,1,3,208,378,125
14,1,native,1,4,208,286,97
14,1,native,3,0,172,273,88
14,1,native,3,1,175,292,96
14,1,native,3,2,177,252,83
14,1,native,3,3,189,290,100
14,1,native,3,4,176,286,97
14,2,penalty,1,0,883,835,265
14,2,penalty,1,1,892,883,275
14,2,penalty,1,2,868,797,243
14,2,penalty,1,3,868,779,228
14,2,penalty,1,4,865,790,242
14,2,penalty,3,0,695,734,242
14,2,penalty,3,1,680,762,259
14,2,penalty,3,2,712,755,254
14,2,penalty,3,3,584,541,167
14,2,penalty,3,4,648,669,218
14,2,native,1,0,455,763,249
14,2,native,1,1,470,699,230
14,2,native,1,2,470,607,201
14,2,native,1,3,479,695,229
14,2,native,1,4,458,674,219
14,2,native,3,0,413,647,222
14,2,native,3,1,389,553,187
14,2,native,3,2,410,572,196
14,2,native,3,3,421,572,201
14,2,native,3,4,390,553,185
14,3,penalty,1,0,1338,1229,385
14,3,penalty,1,1,1347,1281,415
14,3,penalty,1,2,1290,1265,396
14,3,penalty,1,3,1353,1493,480
14,3,penalty,1,4,1311,1371,447
14,3,penalty,3,0,1086,1140,391
14,3,penalty,3,1,1061,1106,373
14,3,penalty,3,2,1049,1118,373
14,3,penalty,3,3,1142,1254,440
14,3,penalty,3,4,906,808,268
14,3,native,1,0,714,1005,334
14,3,native,1,1,705,994,321
14,3,native,1,2,705,1076,357
14,3,native,1,3,747,1139,370
14,3,native,1,4,714,1080,360
14,3,native,3,0,652,952,340
14,3,native,3,1,637,941,326
14,3,native,3,2,658,992,345
14,3,native,3,3,611,851,287
14,3,native,3,4,647,914,322
