n,method,p,p_feasible,ratio_cond,p_opt,best_of_10,best_of_1000,ratio_top1
12,random,0,"1.000 [1.000, 1.000]","0.726 [0.708, 0.746]","0.010 [0.007, 0.016]","0.909 [0.899, 0.918]","1.000 [1.000, 1.000]",—
12,penalty_auto,1,"0.444 [0.444, 0.444]","0.727 [0.709, 0.746]","0.005 [0.003, 0.007]","0.854 [0.842, 0.865]","0.998 [0.997, 0.999]","0.988 [0.976, 1.000]"
12,penalty_auto,2,"0.515 [0.492, 0.540]","0.727 [0.709, 0.746]","0.005 [0.004, 0.008]","0.867 [0.856, 0.878]","0.999 [0.998, 0.999]","0.987 [0.974, 1.000]"
12,penalty_auto,3,"0.556 [0.533, 0.579]","0.727 [0.709, 0.746]","0.006 [0.004, 0.008]","0.873 [0.863, 0.883]","0.999 [0.998, 1.000]","0.967 [0.936, 0.993]"
12,penalty_tight,1,"0.435 [0.431, 0.439]","0.731 [0.714, 0.750]","0.005 [0.003, 0.007]","0.855 [0.844, 0.866]","0.998 [0.997, 0.999]","0.988 [0.976, 1.000]"
12,penalty_tight,2,"0.505 [0.482, 0.529]","0.733 [0.716, 0.751]","0.006 [0.004, 0.009]","0.870 [0.859, 0.880]","0.999 [0.998, 1.000]","0.992 [0.980, 1.000]"
12,penalty_tight,3,"0.557 [0.537, 0.578]","0.734 [0.717, 0.752]","0.006 [0.004, 0.009]","0.878 [0.868, 0.888]","0.999 [0.999, 1.000]","0.984 [0.961, 1.000]"
12,native,1,"1.000 [1.000, 1.000]","0.785 [0.714, 0.845]","0.000 [0.000, 0.000]","0.806 [0.746, 0.861]","0.814 [0.758, 0.864]","0.788 [0.712, 0.851]"
12,native,2,"1.000 [1.000, 1.000]","0.807 [0.748, 0.859]","0.000 [0.000, 0.000]","0.836 [0.790, 0.878]","0.871 [0.826, 0.911]","0.809 [0.750, 0.860]"
12,native,3,"1.000 [1.000, 1.000]","0.837 [0.796, 0.872]","0.014 [0.000, 0.041]","0.876 [0.842, 0.908]","0.916 [0.889, 0.944]","0.834 [0.794, 0.868]"
12,native_dicke,1,"1.000 [1.000, 1.000]","0.815 [0.799, 0.829]","0.038 [0.027, 0.051]","0.952 [0.944, 0.960]","1.000 [1.000, 1.000]","0.952 [0.927, 0.975]"
12,native_dicke,2,"1.000 [1.000, 1.000]","0.824 [0.798, 0.847]","0.049 [0.028, 0.077]","0.955 [0.943, 0.967]","1.000 [0.999, 1.000]","0.928 [0.881, 0.964]"
12,native_dicke,3,"1.000 [1.000, 1.000]","0.826 [0.804, 0.846]","0.042 [0.028, 0.056]","0.957 [0.950, 0.964]","1.000 [0.999, 1.000]","0.929 [0.901, 0.956]"
