set,method,p,E[ratio|feasible],P(optimal shot),best of 10 shots
"R, n=12",random,0,"0.653 [0.626, 0.678]","0.011 [0.007, 0.016]","0.869 [0.852, 0.885]"
"R, n=12",penalty_auto,1,"0.653 [0.627, 0.679]","0.005 [0.003, 0.007]","0.802 [0.780, 0.821]"
"R, n=12",penalty_auto,3,"0.653 [0.627, 0.679]","0.006 [0.004, 0.009]","0.826 [0.806, 0.844]"
"R, n=12",penalty_tight,1,"0.659 [0.633, 0.684]","0.005 [0.003, 0.008]","0.803 [0.782, 0.823]"
"R, n=12",penalty_tight,3,"0.659 [0.633, 0.685]","0.007 [0.004, 0.010]","0.828 [0.807, 0.847]"
"R, n=12",native,1,"0.748 [0.677, 0.820]","0.000 [0.000, 0.000]","0.793 [0.721, 0.858]"
"R, n=12",native,3,"0.811 [0.761, 0.859]","0.029 [0.000, 0.075]","0.880 [0.848, 0.911]"
"R, n=12",native_dicke,1,"0.767 [0.749, 0.785]","0.044 [0.028, 0.064]","0.937 [0.925, 0.948]"
"R, n=12",native_dicke,3,"0.795 [0.771, 0.816]","0.073 [0.047, 0.102]","0.951 [0.936, 0.965]"
"R, n=14",random,0,"0.661 [0.641, 0.679]","0.002 [0.001, 0.002]","0.846 [0.837, 0.855]"
"R, n=14",penalty_auto,1,"0.661 [0.642, 0.679]","0.001 [0.001, 0.001]","0.785 [0.773, 0.795]"
"R, n=14",penalty_auto,3,"0.661 [0.642, 0.679]","0.001 [0.001, 0.001]","0.804 [0.795, 0.814]"
"R, n=14",penalty_tight,1,"0.666 [0.647, 0.684]","0.001 [0.001, 0.001]","0.786 [0.775, 0.796]"
"R, n=14",penalty_tight,3,"0.668 [0.649, 0.685]","0.001 [0.001, 0.002]","0.810 [0.800, 0.819]"
"R, n=14",native,1,"0.724 [0.651, 0.797]","0.000 [0.000, 0.000]","0.767 [0.693, 0.837]"
"R, n=14",native,3,"0.785 [0.729, 0.838]","0.000 [0.000, 0.000]","0.832 [0.793, 0.869]"
"R, n=14",native_dicke,1,"0.752 [0.732, 0.772]","0.011 [0.006, 0.017]","0.908 [0.890, 0.924]"
"R, n=14",native_dicke,3,"0.775 [0.754, 0.795]","0.015 [0.009, 0.022]","0.921 [0.904, 0.936]"
"H, n=12",random,0,"0.726 [0.708, 0.746]","0.010 [0.007, 0.016]","0.909 [0.899, 0.918]"
"H, n=12",penalty_auto,1,"0.727 [0.709, 0.746]","0.005 [0.003, 0.007]","0.854 [0.843, 0.865]"
"H, n=12",penalty_auto,3,"0.727 [0.709, 0.746]","0.006 [0.004, 0.008]","0.873 [0.863, 0.883]"
"H, n=12",penalty_tight,1,"0.731 [0.714, 0.750]","0.005 [0.003, 0.007]","0.855 [0.844, 0.866]"
"H, n=12",penalty_tight,3,"0.734 [0.717, 0.752]","0.006 [0.004, 0.009]","0.878 [0.868, 0.888]"
"H, n=12",native,1,"0.785 [0.716, 0.849]","0.000 [0.000, 0.000]","0.806 [0.750, 0.863]"
"H, n=12",native,3,"0.837 [0.799, 0.872]","0.014 [0.000, 0.041]","0.876 [0.844, 0.909]"
"H, n=12",native_dicke,1,"0.815 [0.800, 0.829]","0.038 [0.027, 0.052]","0.952 [0.944, 0.961]"
"H, n=12",native_dicke,3,"0.826 [0.804, 0.847]","0.042 [0.028, 0.057]","0.957 [0.950, 0.965]"
