statistic,kind,n,var,ci_lo,ci_hi
cost,penalty_auto,6,0.006357891272704452,0.004246878403029973,0.009408216749831352
cost,penalty_auto,8,0.004584192791238844,0.0029626047563326183,0.006591069969993272
cost,penalty_auto,10,0.0025073929480079298,0.0014881283564449727,0.0037438288617936636
cost,penalty_auto,12,0.0028376810824457532,0.001792564203205704,0.003924923586902987
cost,penalty_auto,14,0.0017458720952164102,0.001259831704327092,0.002293672222580586
cost,penalty_tight,6,0.006425662346576597,0.004005869411097394,0.009647570226840572
cost,penalty_tight,8,0.004963416854978017,0.003125124634973777,0.007131538289568568
cost,penalty_tight,10,0.002193808846894596,0.001568722066377585,0.002967185770077546
cost,penalty_tight,12,0.0028273431693515033,0.0019094258728248516,0.003939510874923822
cost,penalty_tight,14,0.001957634578196056,0.0013937972863787864,0.0027589138116741814
cost,native,6,0.01618191942137136,0.0077741209357218176,0.0242014961295783
cost,native,8,0.008740636443206872,0.002720607864218176,0.016548734724318385
cost,native,10,0.0086086952484719,0.0022143710486189207,0.01484651541451304
cost,native,12,0.005000231808830961,0.0037404207883477225,0.006277253636163844
cost,native,14,0.0034441196633378224,0.0011924549451947123,0.006360393713661994
cost,native_dicke,6,0.004465329264994167,0.0025720413679298443,0.006225707199801622
cost,native_dicke,8,0.001274188928622038,0.0008199843159232635,0.0017481089096349953
cost,native_dicke,10,0.0009411000307448268,0.0006874671248820706,0.0012974708374454461
cost,native_dicke,12,0.0014114383986622298,0.0008593358194340747,0.001946627030578069
cost,native_dicke,14,0.0009101499962344452,0.0004990380424352213,0.0013782368116181177
cost,hea,6,0.006890404794814058,0.005648866367995992,0.008227746403720787
cost,hea,8,0.0034525764542739784,0.0026710234360422746,0.0046215420203080055
cost,hea,10,0.003453024719390775,0.00306014640617266,0.0038176619333862524
cost,hea,12,0.0023405137350485682,0.002022200729905552,0.00264302055681299
cost,hea,14,0.0013956314114147766,0.0012277303072564538,0.0015792792333059853
grad,penalty_auto,6,11.690938121876567,9.091282249286419,14.533896184589445
grad,penalty_auto,8,15.632992321706482,10.310658583832652,24.40500137484625
grad,penalty_auto,10,64.83733667431832,30.202757130143908,143.68485776038005
grad,penalty_auto,12,46.45745038878849,27.85646168301551,73.17176257745345
grad,penalty_auto,14,64.14946276506228,35.86096054068315,102.59307278051027
grad,penalty_tight,6,0.7603752177323477,0.43544827657828483,1.2268467609454075
grad,penalty_tight,8,0.5109609709199767,0.39192094933356497,0.648984084664924
grad,penalty_tight,10,0.7675743512389517,0.45037521497186195,1.185600693159324
grad,penalty_tight,12,0.8726742864599866,0.5466444996541858,1.3996820406215071
grad,penalty_tight,14,1.0544966138005767,0.39874367826240226,1.9509544287395704
grad,native,6,0.036158633732916,0.02346791635432922,0.0468758073681167
grad,native,8,0.019499336361154827,0.01060232489391508,0.03274238367815648
grad,native,10,0.018241895249886304,0.0066181224134408715,0.0294762898337537
grad,native,12,0.01382698452814086,0.009454097561471324,0.018587596197864417
grad,native,14,0.008452443393273721,0.0034423391985156384,0.014797781033412699
grad,native_dicke,6,0.023525859301798333,0.013179636461573791,0.03351964213200358
grad,native_dicke,8,0.008123651996684937,0.004940708638819323,0.011796222058440473
grad,native_dicke,10,0.006361193228726239,0.005029021759151032,0.007777086404484326
grad,native_dicke,12,0.010572340602958839,0.006367142898656941,0.014559528096702192
grad,native_dicke,14,0.007619976176374814,0.0033668505549698416,0.012359866787421285
grad,hea,6,0.002018811987069884,0.0018382333287661813,0.002170902482363424
grad,hea,8,0.0007058258456083763,0.0006491646409877511,0.0007606482791001221
grad,hea,10,0.0005469432211367257,0.0005145840981510563,0.000574782328115665
grad,hea,12,0.0002890310076219341,0.00027505780569751754,0.00029986725739123766
grad,hea,14,0.00016354419193861176,0.0001567235692921466,0.0001693080850765324
