statistic,kind,slope_ln_var_per_qubit,ci_lo,ci_hi,var_ratio_n14_over_n6
cost,penalty_auto,-0.15322559814239356,-0.21571658171887498,-0.08710301573023396,0.27459923744083936
cost,penalty_tight,-0.14699412800420625,-0.2149233352868199,-0.07629305566207775,0.3046587997638914
cost,native,-0.18264755691765672,-0.29459873839304385,-0.08041122747293801,0.21283752400776357
cost,native_dicke,-0.1539339075437679,-0.22504838595262125,-0.08655727109793791,0.20382595374758644
cost,hea,-0.17911580470729233,-0.20410355261545074,-0.14890700671421628,0.20254708583524356
grad,penalty_auto,0.22469783315707856,0.1470041771226274,0.2892609573877311,5.487109939023897
grad,penalty_tight,0.05946413597065105,-0.0474663648074728,0.15144492280647567,1.3868108654900426
grad,native,-0.16253393667289925,-0.25168096290115605,-0.08604592983284028,0.23376003240905852
grad,native_dicke,-0.09955962650813557,-0.1962299361113881,-0.022879517999584344,0.32389788949355564
grad,hea,-0.295959852841038,-0.3063401662154549,-0.284728533738397,0.08101011534807696
