statistic,kind,p,var,ci_lo,ci_hi
cost,penalty_auto,1,0.004544003451907987,0.0032517053403169844,0.0060876534184068735
cost,penalty_auto,2,0.0026654467478451752,0.0016362010777188456,0.003791979495378957
cost,penalty_auto,3,0.0011367238907274385,0.000766154178567539,0.0015809015229401575
cost,penalty_auto,4,0.0006013727960227811,0.00033502352172773035,0.0010829014743520809
cost,penalty_auto,6,0.00021623336854428794,0.0001408970567074111,0.00031016240332403455
cost,penalty_auto,8,0.00011533468061890054,2.9956676084964664e-05,0.00023504453489229304
cost,penalty_tight,1,0.0033073119826107908,0.002147633729793684,0.004725605141714153
cost,penalty_tight,2,0.0041445258777445156,0.002552965772135258,0.006322687667102744
cost,penalty_tight,3,0.0014225530401711767,0.0006799874015365098,0.002698439428243986
cost,penalty_tight,4,0.0006611288236711821,0.0003869291776689199,0.0011327283593466821
cost,penalty_tight,6,0.00026455887351139497,0.00012154214283618627,0.0004922110524989761
cost,penalty_tight,8,7.361562825466293e-05,2.6953251895457866e-05,0.0001328875738458427
cost,native,1,0.0053210872238020224,0.0015757997837603402,0.009079068672436866
cost,native,2,0.0051064304812811325,0.0037240754051638646,0.0061735847907194935
cost,native,3,0.004832741507318142,0.0035767642022075615,0.006315332028393134
cost,native,4,0.006807281611919992,0.0045199484472520516,0.009703183557826294
cost,native,6,0.005316229132337964,0.0029934228124990797,0.009063230611996261
cost,native,8,0.0029557841622857616,0.0014737060689153222,0.0049049622602004616
cost,native_dicke,1,0.001998354835160719,0.001253734722522518,0.002770700589157494
cost,native_dicke,2,0.0013141386558015486,0.0009089552168050689,0.001689520796883894
cost,native_dicke,3,0.0010536694507881305,0.0006467821118985243,0.0014628880824184094
cost,native_dicke,4,0.0006789454736122376,0.0003857365364933679,0.0009726085305153837
cost,native_dicke,6,0.0003132339627941761,0.00016219146630248667,0.0004957026209936759
cost,native_dicke,8,0.0001797329040766073,9.031103157353506e-05,0.00028786487523443997
cost,hea,1,0.002845716162353078,0.002410429989618975,0.0032077907567621628
cost,hea,2,0.002614164782380408,0.002150979648572224,0.003133261077202144
cost,hea,3,0.0009755836496364168,0.0007994821060559804,0.001153784713410202
cost,hea,4,0.0008556076640251438,0.0007232320173727356,0.0009801794047669188
cost,hea,6,0.00035600132115408715,0.00029688555080149137,0.00041144312710140817
cost,hea,8,0.0001521500499777054,0.00013023265730711627,0.0001714500128025377
grad,penalty_auto,1,91.39043525634318,35.748423333832655,171.08909563793588
grad,penalty_auto,2,68.83920095788812,38.76089834193699,106.48876013816252
grad,penalty_auto,3,28.30472633023054,17.776225201585095,43.9901404935505
grad,penalty_auto,4,16.510816784918454,10.351275583296413,24.648621671177086
grad,penalty_auto,6,10.83522333187526,4.117688776889891,30.76882986283129
grad,penalty_auto,8,4.257947523297079,2.338489551187018,8.85697063378797
grad,penalty_tight,1,1.308518383902069,0.7674195976872438,1.9439701063892594
grad,penalty_tight,2,1.4886338348841748,0.5131481436116345,3.239199917876401
grad,penalty_tight,3,0.48578367923819366,0.31604568967135055,0.6856418053791193
grad,penalty_tight,4,0.2682029316989885,0.15899361920867294,0.39485452722785785
grad,penalty_tight,6,0.146473413409412,0.0798010128910366,0.27386297720850594
grad,penalty_tight,8,0.06618083410646891,0.036998646558261086,0.10048127581942717
grad,native,1,0.015406188814746178,0.006782130219251245,0.023348671029184434
grad,native,2,0.012865588851756832,0.008917708961713948,0.01647839205104004
grad,native,3,0.010386253744598584,0.007660240239592592,0.013635071887689731
grad,native,4,0.01042016533391169,0.007163496515275977,0.013923030500402481
grad,native,6,0.007608220867103571,0.004928801192823555,0.010842179984299765
grad,native,8,0.005232249204107248,0.003276787423861237,0.0077108181585510095
grad,native_dicke,1,0.02130586304757722,0.013187806665056558,0.029262732234168694
grad,native_dicke,2,0.01112195081444704,0.006141457374587779,0.017096205493469085
grad,native_dicke,3,0.006438815514798921,0.003928798911220484,0.0091946450932065
grad,native_dicke,4,0.0035833214434419745,0.0021924796331273346,0.005273969216768659
grad,native_dicke,6,0.0017587411520741305,0.0010035389562057504,0.00269509574244583
grad,native_dicke,8,0.0012979590066406258,0.0006571938500939559,0.0019190697213159972
grad,hea,1,0.00038426000522556546,0.0003606678744780354,0.0004047087203383253
grad,hea,2,0.00029987084657874514,0.00027436566612605275,0.0003202173687478538
grad,hea,3,0.00015697125362455484,0.00014755380913706491,0.00016554158518012775
grad,hea,4,0.00012905889269758776,0.00012261319767523362,0.0001344339570939806
grad,hea,6,5.8259378687902324e-05,5.502442158425948e-05,6.0476102399494234e-05
grad,hea,8,3.128567536358353e-05,2.992167046346386e-05,3.2210659332938214e-05
