method,p,p_feasible,ratio_cond,p_opt,ratio_top1,best_of_1,best_of_10,best_of_100,best_of_1000
penalty_auto,1,0.444500852464099,0.7468831725240155,0.0018073090912609454,1.0,0.3319902068780158,0.8341426798630426,0.927168301518558,0.9916836042346788
penalty_auto,2,0.5288282964279292,0.7470576501170919,0.0021633980528060703,1.0,0.39506522444487374,0.8462951982194754,0.9323578074495102,0.9943284246820241
penalty_auto,3,0.6056845827329994,0.7471097816789416,0.0024778238378997987,1.0,0.4525128763719521,0.8541523567625404,0.9362871234055984,0.9959199582579921
penalty_tight,1,0.4425340726054997,0.7484507959748167,0.0018655069522853914,1.0,0.33121497888756307,0.8350834972276185,0.9279901113105015,0.9921902255709805
penalty_tight,2,0.6068352894592864,0.7498353396062002,0.0026671471271487073,1.0,0.4550265453567307,0.8565419268066097,0.9382744216230928,0.9966426995427815
penalty_tight,3,0.6213982394690112,0.7500897821666137,0.002769839740312391,1.0,0.4661044700820279,0.8581571079688624,0.939336763519295,0.9969785223578674
native,1,0.9999999999999999,0.6395390378170138,0.0,0.6190476190476191,0.6395390378170136,0.7234945736527705,0.7590112927295662,0.7619047619047291
native,2,1.0000000000000002,0.809352784147372,0.0,0.8095238095238095,0.8093527841473719,0.8189587999734285,0.852046012614635,0.8587040870497834
native,3,1.0000000000000002,0.8559316564965446,0.00010419032765474894,0.8571428571428571,0.8559316564965445,0.9017659525233354,0.922385753283964,0.9565416249778446
native_dicke,1,0.9999999999999998,0.8072801143555683,0.016338797673241725,0.9047619047619048,0.8072801143555682,0.921008652401018,0.9897688992864015,0.9999999966632556
native_dicke,2,0.9999999999999998,0.8186087496883017,0.02444985265935825,0.9047619047619048,0.8186087496883017,0.9300479028780696,0.9956496146261282,0.999999999999154
native_dicke,3,1.0,0.8223774737493222,0.03201644471853661,0.9047619047619048,0.8223774737493222,0.932773197060798,0.9977574023529225,0.9999999999999997
random,0,1.0,0.7466089466089466,0.00404040404040404,,0.7466089466089462,0.8777852088349651,0.950907578597578,0.9991673349164102
